id,order_id,event_type,old_status,new_status,broker_status,price,qty,detail,created_at
96,845,PLACED,PENDING,PLACED,"",1687.50,3,"",2026-08-25 13:25:40.729094+05:30
97,847,PLACED,PENDING,PLACED,"",1189.30,5,"",2026-08-25 13:25:40.736839+05:30
98,846,PLACED,PENDING,PLACED,"",147.42,40,"",2026-08-25 13:25:40.751862+05:30
99,848,PLACED,PENDING,PLACED,"",96.35,62,"",2026-08-25 13:25:40.75398+05:30
100,848,MODIFIED,PLACED,PLACED,"",96.52,0,"retry 1, drift 0.00%, escalation 0.20%",2026-08-25 13:25:50.929194+05:30
101,847,MODIFIED,PLACED,PLACED,"",1191.60,0,"retry 1, drift 0.01%, escalation 0.20%",2026-08-25 13:25:50.929203+05:30
102,845,MODIFIED,PLACED,PLACED,"",1691.10,0,"retry 1, drift 0.02%, escalation 0.20%",2026-08-25 13:25:50.929729+05:30
103,846,MODIFIED,PLACED,PLACED,"",147.69,0,"retry 1, drift 0.00%, escalation 0.20%",2026-08-25 13:25:50.989617+05:30
104,845,MODIFIED,PLACED,PLACED,"",1693.90,0,"retry 2, drift 0.01%, escalation 0.40%",2026-08-25 13:26:01.099905+05:30
105,848,MODIFIED,PLACED,PLACED,"",96.72,0,"retry 2, drift 0.00%, escalation 0.40%",2026-08-25 13:26:01.102872+05:30
106,846,MODIFIED,PLACED,PLACED,"",147.99,0,"retry 2, drift 0.00%, escalation 0.40%",2026-08-25 13:26:01.120458+05:30
107,847,MODIFIED,PLACED,PLACED,"",1194.10,0,"retry 2, drift 0.02%, escalation 0.40%",2026-08-25 13:26:01.121504+05:30
108,848,MODIFIED,PLACED,PLACED,"",96.91,0,"retry 3, drift 0.00%, escalation 0.60%",2026-08-25 13:26:11.262106+05:30
109,845,MODIFIED,PLACED,PLACED,"",1697.40,0,"retry 3, drift 0.00%, escalation 0.60%",2026-08-25 13:26:11.266904+05:30
110,847,MODIFIED,PLACED,PLACED,"",1196.40,0,"retry 3, drift 0.02%, escalation 0.60%",2026-08-25 13:26:11.273346+05:30
111,846,MODIFIED,PLACED,PLACED,"",148.28,0,"retry 3, drift 0.00%, escalation 0.60%",2026-08-25 13:26:11.27384+05:30
112,846,LIMIT_CANCELLED,PLACED,CANCELLED,"",0.00,0,max LIMIT retries — switching to MARKET fallback (safety-poll confirmed unfilled),2026-08-25 13:26:21.525695+05:30
113,848,LIMIT_CANCELLED,PLACED,CANCELLED,"",0.00,0,max LIMIT retries — switching to MARKET fallback (safety-poll confirmed unfilled),2026-08-25 13:26:21.532715+05:30
114,847,LIMIT_CANCELLED,PLACED,CANCELLED,"",0.00,0,max LIMIT retries — switching to MARKET fallback (safety-poll confirmed unfilled),2026-08-25 13:26:21.567338+05:30
115,845,LIMIT_CANCELLED,PLACED,CANCELLED,"",0.00,0,max LIMIT retries — switching to MARKET fallback (safety-poll confirmed unfilled),2026-08-25 13:26:21.575722+05:30
116,847,MARKET_FALLBACK_PLACED,CANCELLED,PLACED,"",0.00,5,broker_id=NZVAH00005I8,2026-08-25 13:26:21.624256+05:30
117,845,MARKET_FALLBACK_PLACED,CANCELLED,PLACED,"",0.00,3,broker_id=NZVAH00006I8,2026-08-25 13:26:21.634552+05:30
118,846,MARKET_FALLBACK_PLACED,CANCELLED,PLACED,"",0.00,40,broker_id=NZVAH00007I8,2026-08-25 13:26:22.239029+05:30
119,848,MARKET_FALLBACK_PLACED,CANCELLED,PLACED,"",0.00,62,broker_id=NZVAH00008I8,2026-08-25 13:26:22.244379+05:30
120,850,PLACED,PENDING,PLACED,"",162.98,36,"",2026-08-25 13:26:23.97383+05:30
121,849,PLACED,PENDING,PLACED,"",375.75,15,"",2026-08-25 13:26:23.993265+05:30
122,850,MODIFIED,PLACED,PLACED,"",163.29,0,"retry 1, drift 0.00%, escalation 0.20%",2026-08-25 13:26:34.150407+05:30
123,849,MODIFIED,PLACED,PLACED,"",376.40,0,"retry 1, drift 0.00%, escalation 0.20%",2026-08-25 13:26:34.197826+05:30
124,850,MODIFIED,PLACED,PLACED,"",163.61,0,"retry 2, drift 0.00%, escalation 0.40%",2026-08-25 13:26:44.340997+05:30
125,849,MODIFIED,PLACED,PLACED,"",377.15,0,"retry 2, drift 0.00%, escalation 0.40%",2026-08-25 13:26:44.352207+05:30
126,849,MODIFIED,PLACED,PLACED,"",377.90,0,"retry 3, drift 0.00%, escalation 0.60%",2026-08-25 13:26:54.503689+05:30
127,850,MODIFIED,PLACED,PLACED,"",163.94,0,"retry 3, drift 0.00%, escalation 0.60%",2026-08-25 13:26:54.536842+05:30
128,849,LIMIT_CANCELLED,PLACED,CANCELLED,"",0.00,0,max LIMIT retries — switching to MARKET fallback (safety-poll confirmed unfilled),2026-08-25 13:27:04.714523+05:30
129,850,LIMIT_CANCELLED,PLACED,CANCELLED,"",0.00,0,max LIMIT retries — switching to MARKET fallback (safety-poll confirmed unfilled),2026-08-25 13:27:04.730142+05:30
130,849,MARKET_FALLBACK_PLACED,CANCELLED,PLACED,"",0.00,15,broker_id=NZVAH0000BI8,2026-08-25 13:27:05.414922+05:30
131,850,MARKET_FALLBACK_PLACED,CANCELLED,PLACED,"",0.00,36,broker_id=NZVAH0000CI8,2026-08-25 13:27:05.426237+05:30
132,852,PLACED,PENDING,PLACED,"",3249.90,1,"",2026-08-25 13:27:07.781728+05:30
133,851,PLACED,PENDING,PLACED,"",337.50,17,"",2026-08-25 13:27:07.80376+05:30
134,851,MODIFIED,PLACED,PLACED,"",338.05,0,"retry 1, drift 0.00%, escalation 0.20%",2026-08-25 13:27:17.970614+05:30
135,852,MODIFIED,PLACED,PLACED,"",3253.90,0,"retry 1, drift 0.07%, escalation 0.20%",2026-08-25 13:27:17.984242+05:30
136,852,MODIFIED,PLACED,PLACED,"",3263.00,0,"retry 2, drift 0.01%, escalation 0.40%",2026-08-25 13:27:28.125441+05:30
137,851,MODIFIED,PLACED,PLACED,"",338.75,0,"retry 2, drift 0.00%, escalation 0.40%",2026-08-25 13:27:28.137171+05:30
138,852,MODIFIED,PLACED,PLACED,"",3267.00,0,"retry 3, drift 0.07%, escalation 0.60%",2026-08-25 13:27:38.290396+05:30
139,851,MODIFIED,PLACED,PLACED,"",339.40,0,"retry 3, drift 0.00%, escalation 0.60%",2026-08-25 13:27:38.300137+05:30
140,852,LIMIT_CANCELLED,PLACED,CANCELLED,"",0.00,0,max LIMIT retries — switching to MARKET fallback (safety-poll confirmed unfilled),2026-08-25 13:27:48.523486+05:30
141,851,LIMIT_CANCELLED,PLACED,CANCELLED,"",0.00,0,max LIMIT retries — switching to MARKET fallback (safety-poll confirmed unfilled),2026-08-25 13:27:48.558171+05:30
142,852,MARKET_FALLBACK_PLACED,CANCELLED,PLACED,"",0.00,1,broker_id=NZVAH0000FI8,2026-08-25 13:27:48.583336+05:30
143,851,MARKET_FALLBACK_PLACED,CANCELLED,PLACED,"",0.00,17,broker_id=NZVAH00010I8,2026-08-25 13:27:48.618993+05:30
144,853,PLACED,PENDING,PLACED,"",346.05,17,"",2026-08-25 13:27:51.07062+05:30
145,853,MODIFIED,PLACED,PLACED,"",346.70,0,"retry 1, drift 0.01%, escalation 0.20%",2026-08-25 13:28:01.246694+05:30
146,853,MODIFIED,PLACED,PLACED,"",347.40,0,"retry 2, drift 0.01%, escalation 0.40%",2026-08-25 13:28:11.42329+05:30
147,853,MODIFIED,PLACED,PLACED,"",347.85,0,"retry 3, drift 0.04%, escalation 0.60%",2026-08-25 13:28:21.670939+05:30
148,853,LIMIT_CANCELLED,PLACED,CANCELLED,"",0.00,0,max LIMIT retries — switching to MARKET fallback (safety-poll confirmed unfilled),2026-08-25 13:28:31.903985+05:30
149,853,MARKET_FALLBACK_PLACED,CANCELLED,PLACED,"",0.00,17,broker_id=NZVAH00012I8,2026-08-25 13:28:31.96692+05:30
150,854,PLACED,PENDING,PLACED,"",181.42,32,"",2026-08-25 13:28:34.327764+05:30
151,854,MODIFIED,PLACED,PLACED,"",181.76,0,"retry 1, drift 0.00%, escalation 0.20%",2026-08-25 13:28:44.511463+05:30
152,854,MODIFIED,PLACED,PLACED,"",182.13,0,"retry 2, drift 0.00%, escalation 0.40%",2026-08-25 13:28:54.737566+05:30
153,854,MODIFIED,PLACED,PLACED,"",182.23,0,"retry 3, drift 0.14%, escalation 0.60%",2026-08-25 13:29:04.918549+05:30
154,854,LIMIT_CANCELLED,PLACED,CANCELLED,"",0.00,0,max LIMIT retries — switching to MARKET fallback (safety-poll confirmed unfilled),2026-08-25 13:29:15.168167+05:30
155,854,MARKET_FALLBACK_PLACED,CANCELLED,PLACED,"",0.00,32,broker_id=NZVAH00014I8,2026-08-25 13:29:15.55189+05:30
156,854,RECONCILER_FIXED,PLACED,CANCELLED,Rejected,0.00,0,reconciler: broker=Rejected but DB=PLACED → synced,2026-08-25 13:29:55.038991+05:30
157,852,RECONCILER_FIXED,PLACED,CANCELLED,Rejected,0.00,0,reconciler: broker=Rejected but DB=PLACED → synced,2026-08-25 13:29:55.040474+05:30
158,851,RECONCILER_FIXED,PLACED,CANCELLED,Rejected,0.00,0,reconciler: broker=Rejected but DB=PLACED → synced,2026-08-25 13:29:55.041708+05:30
159,850,RECONCILER_FIXED,PLACED,CANCELLED,Rejected,0.00,0,reconciler: broker=Rejected but DB=PLACED → synced,2026-08-25 13:29:55.042925+05:30
160,849,RECONCILER_FIXED,PLACED,CANCELLED,Rejected,0.00,0,reconciler: broker=Rejected but DB=PLACED → synced,2026-08-25 13:29:55.044063+05:30
161,848,RECONCILER_FIXED,PLACED,CANCELLED,Rejected,0.00,0,reconciler: broker=Rejected but DB=PLACED → synced,2026-08-25 13:29:55.045192+05:30
162,847,RECONCILER_FIXED,PLACED,CANCELLED,Rejected,0.00,0,reconciler: broker=Rejected but DB=PLACED → synced,2026-08-25 13:29:55.046327+05:30
163,846,RECONCILER_FIXED,PLACED,CANCELLED,Rejected,0.00,0,reconciler: broker=Rejected but DB=PLACED → synced,2026-08-25 13:29:55.047439+05:30
164,845,RECONCILER_FIXED,PLACED,CANCELLED,Rejected,0.00,0,reconciler: broker=Rejected but DB=PLACED → synced,2026-08-25 13:29:55.048532+05:30
165,855,PLACED,PENDING,PLACED,"",1303.10,6,"",2026-08-25 13:33:33.508967+05:30
166,855,MODIFIED,PLACED,PLACED,"",1305.50,0,"retry 1, drift 0.00%, escalation 0.20%",2026-08-25 13:33:43.728617+05:30
167,855,MODIFIED,PLACED,PLACED,"",1308.40,0,"retry 2, drift 0.02%, escalation 0.40%",2026-08-25 13:33:53.912012+05:30
168,855,MODIFIED,PLACED,PLACED,"",1310.80,0,"retry 3, drift 0.01%, escalation 0.60%",2026-08-25 13:34:04.104396+05:30
169,855,LIMIT_CANCELLED,PLACED,CANCELLED,"",0.00,0,max LIMIT retries — switching to MARKET fallback (safety-poll confirmed unfilled),2026-08-25 13:34:14.34846+05:30
170,855,MARKET_FALLBACK_PLACED,CANCELLED,PLACED,"",0.00,6,broker_id=NZVAH00016I8,2026-08-25 13:34:14.43876+05:30
171,855,FILL,PLACED,FILLED,"",1405.80,6,WSS fill confirmed,2026-08-25 13:34:16.734254+05:30
172,856,SL_DEFERRED_BAND,PENDING,SL_DEFERRED_BAND,"",1124.64,6,intended=1124.64 < dpr_lower=1178.90 — deferred (unreachable this session; replay places at 20% when band allows),2026-08-25 13:34:16.736127+05:30
173,857,PLACED,PENDING,PLACED,"",1121.90,7,"",2026-08-25 13:37:44.440013+05:30
174,857,MODIFIED,PLACED,PLACED,"",1123.90,0,"retry 1, drift 0.00%, escalation 0.20%",2026-08-25 13:37:54.633351+05:30
175,857,MODIFIED,PLACED,PLACED,"",1126.30,0,"retry 2, drift 0.01%, escalation 0.40%",2026-08-25 13:38:04.824896+05:30
176,857,MODIFIED,PLACED,PLACED,"",1128.40,0,"retry 3, drift 0.00%, escalation 0.60%",2026-08-25 13:38:15.018765+05:30
177,857,LIMIT_CANCELLED,PLACED,CANCELLED,"",0.00,0,max LIMIT retries — switching to MARKET fallback (safety-poll confirmed unfilled),2026-08-25 13:38:25.284535+05:30
178,857,MARKET_FALLBACK_PLACED,CANCELLED,PLACED,"",0.00,7,broker_id=NZVAH00018I8,2026-08-25 13:38:25.336724+05:30
179,857,RECONCILER_FIXED,PLACED,CANCELLED,Cancelled,0.00,0,reconciler: broker=Cancelled but DB=PLACED → synced,2026-08-25 13:39:55.08937+05:30
