id,signal_id,strategy_id,user_id,symbol,isin,exchange,order_type,order_side,product_type,qty,filled_qty,limit_price,trigger_price,avg_fill_price,broker_order_id,broker_status,indira_symbol,exchange_token,status,retry_count,max_retries,last_error,parent_order_id,created_at,placed_at,filled_at,cancelled_at,updated_at,trade_date,exchange_error_code,exchange_error_tag,reject_category,algo_id,broker_trigger_price,broker_limit_price
8834,2e1816df-9f5a-510d-9617-22b2e8f81877-amo-20260824-r93,e36bd07e-4eb9-48c0-8425-62ce25715149,FIV99,MANORAMA,INE00VM01036,NSE,SL_SELL_AMO,SELL,CNC,20,0,1629.50,1634.40,,,,STK_MANORAMA_EQ_NSE_10227,10227,REJECTED,0,3,place order request failed: indira: session expired (AU0xx): AU004 Session expired,5086,2026-08-22 05:31:11.579997+00,,,,2026-08-22 05:31:11.602721+00,2026-08-24,,,,,,
8835,8bb6cd9a-5d7f-5492-b5fe-0e2c6b33e081-amo-20260824-r93,e36bd07e-4eb9-48c0-8425-62ce25715149,FIV99,SHANTIGOLD,INE06ZD01017,NSE,SL_SELL_AMO,SELL,CNC,149,0,217.00,217.65,,,,STK_SHANTIGOLD_EQ_NSE_758002,758002,REJECTED,0,3,place order request failed: indira: session expired (AU0xx): AU004 Session expired,5087,2026-08-22 05:31:11.618077+00,,,,2026-08-22 05:31:11.625834+00,2026-08-24,,,,,,
8836,2e1816df-9f5a-510d-9617-22b2e8f81877-amo-20260824-r94,e36bd07e-4eb9-48c0-8425-62ce25715149,FIV99,MANORAMA,INE00VM01036,NSE,SL_SELL_AMO,SELL,CNC,20,0,1629.50,1634.40,,,,STK_MANORAMA_EQ_NSE_10227,10227,REJECTED,0,3,place order request failed: indira: session expired (AU0xx): AU004 Session expired,5086,2026-08-22 05:36:11.51785+00,,,,2026-08-22 05:36:11.527055+00,2026-08-24,,,,,,
8837,8bb6cd9a-5d7f-5492-b5fe-0e2c6b33e081-amo-20260824-r94,e36bd07e-4eb9-48c0-8425-62ce25715149,FIV99,SHANTIGOLD,INE06ZD01017,NSE,SL_SELL_AMO,SELL,CNC,149,0,217.00,217.65,,,,STK_SHANTIGOLD_EQ_NSE_758002,758002,REJECTED,0,3,place order request failed: indira: session expired (AU0xx): AU004 Session expired,5087,2026-08-22 05:36:11.533184+00,,,,2026-08-22 05:36:11.539196+00,2026-08-24,,,,,,
8838,2e1816df-9f5a-510d-9617-22b2e8f81877-amo-20260824-r95,e36bd07e-4eb9-48c0-8425-62ce25715149,FIV99,MANORAMA,INE00VM01036,NSE,SL_SELL_AMO,SELL,CNC,20,0,1629.50,1634.40,,,,STK_MANORAMA_EQ_NSE_10227,10227,REJECTED,0,3,place order request failed: indira: session expired (AU0xx): AU004 Session expired,5086,2026-08-22 05:36:29.25311+00,,,,2026-08-22 05:36:29.260985+00,2026-08-24,,,,,,
8839,8bb6cd9a-5d7f-5492-b5fe-0e2c6b33e081-amo-20260824-r95,e36bd07e-4eb9-48c0-8425-62ce25715149,FIV99,SHANTIGOLD,INE06ZD01017,NSE,SL_SELL_AMO,SELL,CNC,149,0,217.00,217.65,,,,STK_SHANTIGOLD_EQ_NSE_758002,758002,REJECTED,0,3,place order request failed: indira: session expired (AU0xx): AU004 Session expired,5087,2026-08-22 05:36:29.268297+00,,,,2026-08-22 05:36:29.274744+00,2026-08-24,,,,,,
8840,2e1816df-9f5a-510d-9617-22b2e8f81877-amo-20260824-r96,e36bd07e-4eb9-48c0-8425-62ce25715149,FIV99,MANORAMA,INE00VM01036,NSE,SL_SELL_AMO,SELL,CNC,20,0,1629.50,1634.40,,,,STK_MANORAMA_EQ_NSE_10227,10227,REJECTED,0,3,place order request failed: indira: session expired (AU0xx): AU004 Session expired,5086,2026-08-22 05:41:18.177529+00,,,,2026-08-22 05:41:18.186704+00,2026-08-24,,,,,,
8841,8bb6cd9a-5d7f-5492-b5fe-0e2c6b33e081-amo-20260824-r96,e36bd07e-4eb9-48c0-8425-62ce25715149,FIV99,SHANTIGOLD,INE06ZD01017,NSE,SL_SELL_AMO,SELL,CNC,149,0,217.00,217.65,,,,STK_SHANTIGOLD_EQ_NSE_758002,758002,REJECTED,0,3,place order request failed: indira: session expired (AU0xx): AU004 Session expired,5087,2026-08-22 05:41:18.193483+00,,,,2026-08-22 05:41:18.199551+00,2026-08-24,,,,,,
8842,2e1816df-9f5a-510d-9617-22b2e8f81877-amo-20260824-r97,e36bd07e-4eb9-48c0-8425-62ce25715149,FIV99,MANORAMA,INE00VM01036,NSE,SL_SELL_AMO,SELL,CNC,20,0,1629.50,1634.40,,,,STK_MANORAMA_EQ_NSE_10227,10227,REJECTED,0,3,place order request failed: indira: session expired (AU0xx): AU004 Session expired,5086,2026-08-22 05:46:18.176862+00,,,,2026-08-22 05:46:18.184548+00,2026-08-24,,,,,,
8843,8bb6cd9a-5d7f-5492-b5fe-0e2c6b33e081-amo-20260824-r97,e36bd07e-4eb9-48c0-8425-62ce25715149,FIV99,SHANTIGOLD,INE06ZD01017,NSE,SL_SELL_AMO,SELL,CNC,149,0,217.00,217.65,,,,STK_SHANTIGOLD_EQ_NSE_758002,758002,REJECTED,0,3,place order request failed: indira: session expired (AU0xx): AU004 Session expired,5087,2026-08-22 05:46:18.189229+00,,,,2026-08-22 05:46:18.19435+00,2026-08-24,,,,,,
8844,2e1816df-9f5a-510d-9617-22b2e8f81877-amo-20260824-r98,e36bd07e-4eb9-48c0-8425-62ce25715149,FIV99,MANORAMA,INE00VM01036,NSE,SL_SELL_AMO,SELL,CNC,20,0,1629.50,1634.40,,,,STK_MANORAMA_EQ_NSE_10227,10227,REJECTED,0,3,place order request failed: indira: session expired (AU0xx): AU004 Session expired,5086,2026-08-22 05:51:18.161212+00,,,,2026-08-22 05:51:18.168963+00,2026-08-24,,,,,,
8845,8bb6cd9a-5d7f-5492-b5fe-0e2c6b33e081-amo-20260824-r98,e36bd07e-4eb9-48c0-8425-62ce25715149,FIV99,SHANTIGOLD,INE06ZD01017,NSE,SL_SELL_AMO,SELL,CNC,149,0,217.00,217.65,,,,STK_SHANTIGOLD_EQ_NSE_758002,758002,REJECTED,0,3,place order request failed: indira: session expired (AU0xx): AU004 Session expired,5087,2026-08-22 05:51:18.175377+00,,,,2026-08-22 05:51:18.181527+00,2026-08-24,,,,,,
8846,2e1816df-9f5a-510d-9617-22b2e8f81877-amo-20260824-r99,e36bd07e-4eb9-48c0-8425-62ce25715149,FIV99,MANORAMA,INE00VM01036,NSE,SL_SELL_AMO,SELL,CNC,20,0,1629.50,1634.40,,,,STK_MANORAMA_EQ_NSE_10227,10227,REJECTED,0,3,place order request failed: indira: session expired (AU0xx): AU004 Session expired,5086,2026-08-22 05:56:18.16142+00,,,,2026-08-22 05:56:18.170581+00,2026-08-24,,,,,,
8847,8bb6cd9a-5d7f-5492-b5fe-0e2c6b33e081-amo-20260824-r99,e36bd07e-4eb9-48c0-8425-62ce25715149,FIV99,SHANTIGOLD,INE06ZD01017,NSE,SL_SELL_AMO,SELL,CNC,149,0,217.00,217.65,,,,STK_SHANTIGOLD_EQ_NSE_758002,758002,REJECTED,0,3,place order request failed: indira: session expired (AU0xx): AU004 Session expired,5087,2026-08-22 05:56:18.176551+00,,,,2026-08-22 05:56:18.183728+00,2026-08-24,,,,,,
8848,2e1816df-9f5a-510d-9617-22b2e8f81877-amo-20260824-r100,e36bd07e-4eb9-48c0-8425-62ce25715149,FIV99,MANORAMA,INE00VM01036,NSE,SL_SELL_AMO,SELL,CNC,20,0,1629.50,1634.40,,,,STK_MANORAMA_EQ_NSE_10227,10227,REJECTED,0,3,place order request failed: indira: session expired (AU0xx): AU004 Session expired,5086,2026-08-22 06:01:18.168024+00,,,,2026-08-22 06:01:18.175811+00,2026-08-24,,,,,,
8849,8bb6cd9a-5d7f-5492-b5fe-0e2c6b33e081-amo-20260824-r100,e36bd07e-4eb9-48c0-8425-62ce25715149,FIV99,SHANTIGOLD,INE06ZD01017,NSE,SL_SELL_AMO,SELL,CNC,149,0,217.00,217.65,,,,STK_SHANTIGOLD_EQ_NSE_758002,758002,REJECTED,0,3,place order request failed: indira: session expired (AU0xx): AU004 Session expired,5087,2026-08-22 06:01:18.180209+00,,,,2026-08-22 06:01:18.186688+00,2026-08-24,,,,,,
8850,2e1816df-9f5a-510d-9617-22b2e8f81877-amo-20260824-r101,e36bd07e-4eb9-48c0-8425-62ce25715149,FIV99,MANORAMA,INE00VM01036,NSE,SL_SELL_AMO,SELL,CNC,20,0,1629.50,1634.40,,,,STK_MANORAMA_EQ_NSE_10227,10227,REJECTED,0,3,place order request failed: indira: session expired (AU0xx): AU004 Session expired,5086,2026-08-22 06:06:18.167078+00,,,,2026-08-22 06:06:18.175895+00,2026-08-24,,,,,,
8851,8bb6cd9a-5d7f-5492-b5fe-0e2c6b33e081-amo-20260824-r101,e36bd07e-4eb9-48c0-8425-62ce25715149,FIV99,SHANTIGOLD,INE06ZD01017,NSE,SL_SELL_AMO,SELL,CNC,149,0,217.00,217.65,,,,STK_SHANTIGOLD_EQ_NSE_758002,758002,REJECTED,0,3,place order request failed: indira: session expired (AU0xx): AU004 Session expired,5087,2026-08-22 06:06:18.18216+00,,,,2026-08-22 06:06:18.190977+00,2026-08-24,,,,,,
8852,151304e1-2e63-5672-b12c-7d71b6290b6f-amo-20260824,a6cb5b08-dddd-4e54-ad2d-d5ae55edb3c9,S4450,IPCALAB,INE571A01038,NSE,SL_SELL_AMO,SELL,CNC,11,0,1562.50,1567.20,,,,STK_IPCALAB_EQ_NSE_1633,1633,REJECTED,0,3,place order request failed: indira: session expired (AU0xx): AU004 Session expired,24,2026-08-22 06:11:18.16692+00,,,,2026-08-22 06:11:18.203794+00,2026-08-24,,,,,,
8853,2e1816df-9f5a-510d-9617-22b2e8f81877-amo-20260824-r102,e36bd07e-4eb9-48c0-8425-62ce25715149,FIV99,MANORAMA,INE00VM01036,NSE,SL_SELL_AMO,SELL,CNC,20,0,1629.50,1634.40,,,,STK_MANORAMA_EQ_NSE_10227,10227,REJECTED,0,3,place order request failed: indira: session expired (AU0xx): AU004 Session expired,5086,2026-08-22 06:11:18.223743+00,,,,2026-08-22 06:11:18.231347+00,2026-08-24,,,,,,
8854,8bb6cd9a-5d7f-5492-b5fe-0e2c6b33e081-amo-20260824-r102,e36bd07e-4eb9-48c0-8425-62ce25715149,FIV99,SHANTIGOLD,INE06ZD01017,NSE,SL_SELL_AMO,SELL,CNC,149,0,217.00,217.65,,,,STK_SHANTIGOLD_EQ_NSE_758002,758002,REJECTED,0,3,place order request failed: indira: session expired (AU0xx): AU004 Session expired,5087,2026-08-22 06:11:18.236228+00,,,,2026-08-22 06:11:18.242919+00,2026-08-24,,,,,,
8855,151304e1-2e63-5672-b12c-7d71b6290b6f-amo-20260824-r1,a6cb5b08-dddd-4e54-ad2d-d5ae55edb3c9,S4450,IPCALAB,INE571A01038,NSE,SL_SELL_AMO,SELL,CNC,11,0,1562.50,1567.20,,,,STK_IPCALAB_EQ_NSE_1633,1633,REJECTED,0,3,place order request failed: indira: session expired (AU0xx): AU004 Session expired,24,2026-08-22 06:16:18.217848+00,,,,2026-08-22 06:16:18.229551+00,2026-08-24,,,,,,
8856,2e1816df-9f5a-510d-9617-22b2e8f81877-amo-20260824-r103,e36bd07e-4eb9-48c0-8425-62ce25715149,FIV99,MANORAMA,INE00VM01036,NSE,SL_SELL_AMO,SELL,CNC,20,0,1629.50,1634.40,,,,STK_MANORAMA_EQ_NSE_10227,10227,REJECTED,0,3,place order request failed: indira: session expired (AU0xx): AU004 Session expired,5086,2026-08-22 06:16:18.245388+00,,,,2026-08-22 06:16:18.252079+00,2026-08-24,,,,,,
8857,8bb6cd9a-5d7f-5492-b5fe-0e2c6b33e081-amo-20260824-r103,e36bd07e-4eb9-48c0-8425-62ce25715149,FIV99,SHANTIGOLD,INE06ZD01017,NSE,SL_SELL_AMO,SELL,CNC,149,0,217.00,217.65,,,,STK_SHANTIGOLD_EQ_NSE_758002,758002,REJECTED,0,3,place order request failed: indira: session expired (AU0xx): AU004 Session expired,5087,2026-08-22 06:16:18.25663+00,,,,2026-08-22 06:16:18.262823+00,2026-08-24,,,,,,
8858,151304e1-2e63-5672-b12c-7d71b6290b6f-amo-20260824-r2,a6cb5b08-dddd-4e54-ad2d-d5ae55edb3c9,S4450,IPCALAB,INE571A01038,NSE,SL_SELL_AMO,SELL,CNC,11,0,1562.50,1567.20,,,,STK_IPCALAB_EQ_NSE_1633,1633,REJECTED,0,3,place order request failed: indira: session expired (AU0xx): AU004 Session expired,24,2026-08-22 06:21:18.155437+00,,,,2026-08-22 06:21:18.166835+00,2026-08-24,,,,,,
8859,2e1816df-9f5a-510d-9617-22b2e8f81877-amo-20260824-r104,e36bd07e-4eb9-48c0-8425-62ce25715149,FIV99,MANORAMA,INE00VM01036,NSE,SL_SELL_AMO,SELL,CNC,20,0,1629.50,1634.40,,,,STK_MANORAMA_EQ_NSE_10227,10227,REJECTED,0,3,place order request failed: indira: session expired (AU0xx): AU004 Session expired,5086,2026-08-22 06:21:18.180896+00,,,,2026-08-22 06:21:18.186841+00,2026-08-24,,,,,,
8860,8bb6cd9a-5d7f-5492-b5fe-0e2c6b33e081-amo-20260824-r104,e36bd07e-4eb9-48c0-8425-62ce25715149,FIV99,SHANTIGOLD,INE06ZD01017,NSE,SL_SELL_AMO,SELL,CNC,149,0,217.00,217.65,,,,STK_SHANTIGOLD_EQ_NSE_758002,758002,REJECTED,0,3,place order request failed: indira: session expired (AU0xx): AU004 Session expired,5087,2026-08-22 06:21:18.190861+00,,,,2026-08-22 06:21:18.196513+00,2026-08-24,,,,,,
8861,151304e1-2e63-5672-b12c-7d71b6290b6f-amo-20260824-r3,a6cb5b08-dddd-4e54-ad2d-d5ae55edb3c9,S4450,IPCALAB,INE571A01038,NSE,SL_SELL_AMO,SELL,CNC,11,0,1562.50,1567.20,,NYMZX0028BF8,,STK_IPCALAB_EQ_NSE_1633,1633,CANCELLED,0,3,,24,2026-08-22 06:25:25.458883+00,2026-08-22 06:25:25.593444+00,,2026-08-22 06:31:18.195862+00,2026-08-22 06:31:18.195862+00,2026-08-24,,,,,1567.20,1562.50
8862,2e1816df-9f5a-510d-9617-22b2e8f81877-amo-20260824-r105,e36bd07e-4eb9-48c0-8425-62ce25715149,FIV99,MANORAMA,INE00VM01036,NSE,SL_SELL_AMO,SELL,CNC,20,0,1629.50,1634.40,,,,STK_MANORAMA_EQ_NSE_10227,10227,REJECTED,0,3,place order request failed: indira: session expired (AU0xx): AU004 Session expired,5086,2026-08-22 06:25:25.607717+00,,,,2026-08-22 06:25:25.613915+00,2026-08-24,,,,,,
8863,8bb6cd9a-5d7f-5492-b5fe-0e2c6b33e081-amo-20260824-r105,e36bd07e-4eb9-48c0-8425-62ce25715149,FIV99,SHANTIGOLD,INE06ZD01017,NSE,SL_SELL_AMO,SELL,CNC,149,0,217.00,217.65,,,,STK_SHANTIGOLD_EQ_NSE_758002,758002,REJECTED,0,3,place order request failed: indira: session expired (AU0xx): AU004 Session expired,5087,2026-08-22 06:25:25.617954+00,,,,2026-08-22 06:25:25.623788+00,2026-08-24,,,,,,
8864,2e1816df-9f5a-510d-9617-22b2e8f81877-amo-20260824-r106,e36bd07e-4eb9-48c0-8425-62ce25715149,FIV99,MANORAMA,INE00VM01036,NSE,SL_SELL_AMO,SELL,CNC,20,0,1629.50,1634.40,,,,STK_MANORAMA_EQ_NSE_10227,10227,REJECTED,0,3,place order request failed: indira: session expired (AU0xx): AU004 Session expired,5086,2026-08-22 06:26:18.254637+00,,,,2026-08-22 06:26:18.262216+00,2026-08-24,,,,,,
8865,8bb6cd9a-5d7f-5492-b5fe-0e2c6b33e081-amo-20260824-r106,e36bd07e-4eb9-48c0-8425-62ce25715149,FIV99,SHANTIGOLD,INE06ZD01017,NSE,SL_SELL_AMO,SELL,CNC,149,0,217.00,217.65,,,,STK_SHANTIGOLD_EQ_NSE_758002,758002,REJECTED,0,3,place order request failed: indira: session expired (AU0xx): AU004 Session expired,5087,2026-08-22 06:26:18.268152+00,,,,2026-08-22 06:26:18.274861+00,2026-08-24,,,,,,
8866,47dab5b0-65bf-537b-a4d9-cab56ad1819a-amo-20260824-r8,a6cb5b08-dddd-4e54-ad2d-d5ae55edb3c9,S4450,ALIVUS,INE03Q201024,NSE,SL_SELL_AMO,SELL,CNC,14,0,1124.30,1127.70,,NYMZX0028CF8,,STK_ALIVUS_EQ_NSE_5265,5265,SL_PLACED,0,3,,2,2026-08-22 06:31:18.248801+00,2026-08-22 06:31:18.311777+00,,,2026-08-22 08:55:04.154972+00,2026-08-24,,,,,1127.70,1124.30
8867,3ae62ec2-38d5-55ba-aa55-be76ca976960-amo-20260824-r8,a6cb5b08-dddd-4e54-ad2d-d5ae55edb3c9,S4450,APARINDS,INE372A01015,NSE,SL_SELL_AMO,SELL,CNC,1,0,13730.00,13771.00,,NYMZX0028DF8,,STK_APARINDS_EQ_NSE_11491,11491,SL_PLACED,0,3,,7301,2026-08-22 06:31:18.315201+00,2026-08-22 06:31:18.359622+00,,,2026-08-22 08:55:04.153776+00,2026-08-24,,,,,13771.00,13730.00
8868,d63fa3a8-d0e6-551b-9d25-7dac87a781ac-amo-20260824-r8,a6cb5b08-dddd-4e54-ad2d-d5ae55edb3c9,S4450,ASKAUTOLTD,INE491J01022,NSE,SL_SELL_AMO,SELL,CNC,30,0,533.35,534.95,,NYMZX0028EF8,,STK_ASKAUTOLTD_EQ_NSE_20152,20152,SL_PLACED,0,3,,4,2026-08-22 06:31:18.362786+00,2026-08-22 06:31:18.415921+00,,,2026-08-22 08:55:04.152512+00,2026-08-24,,,,,534.95,533.35
8869,bb193fed-5262-5c16-94bc-ae3cacd6b2fc-amo-20260824-r8,a6cb5b08-dddd-4e54-ad2d-d5ae55edb3c9,S4450,CUB,INE491A01021,NSE,SL_SELL_AMO,SELL,CNC,92,0,179.46,180.00,,NYMZX0028FF8,,STK_CUB_EQ_NSE_5701,5701,SL_PLACED,0,3,,1,2026-08-22 06:31:18.419067+00,2026-08-22 06:31:18.460858+00,,,2026-08-22 08:55:04.151203+00,2026-08-24,,,,,180.00,179.46
8870,2d94bb63-51ac-5c7f-a55c-5d1336926475-amo-20260824-r8,a6cb5b08-dddd-4e54-ad2d-d5ae55edb3c9,S4450,DEEPINDS,INE0FHS01024,NSE,SL_SELL_AMO,SELL,CNC,29,0,567.25,568.95,,NYMZX00290F8,,STK_DEEPINDS_EQ_NSE_3292,3292,SL_PLACED,0,3,,8,2026-08-22 06:31:18.464553+00,2026-08-22 06:31:18.523525+00,,,2026-08-22 08:55:04.149909+00,2026-08-24,,,,,568.95,567.25
8871,4116dfc1-c7d8-534f-aa65-0a8da3085437-amo-20260824-r8,a6cb5b08-dddd-4e54-ad2d-d5ae55edb3c9,S4450,FIEMIND,INE737H01014,NSE,SL_SELL_AMO,SELL,CNC,7,0,2109.70,2116.00,,NYMZX00291F8,,STK_FIEMIND_EQ_NSE_13710,13710,SL_PLACED,0,3,,13,2026-08-22 06:31:18.531806+00,2026-08-22 06:31:18.584834+00,,,2026-08-22 08:55:04.148543+00,2026-08-24,,,,,2116.00,2109.70
8872,79a9cdcf-9716-5c57-aaae-478a00d34d7b-amo-20260824-r8,a6cb5b08-dddd-4e54-ad2d-d5ae55edb3c9,S4450,FILATEX,INE816B01035,NSE,SL_SELL_AMO,SELL,CNC,239,0,76.57,76.80,,NYMZX00292F8,,STK_FILATEX_EQ_NSE_24532,24532,SL_PLACED,0,3,,22,2026-08-22 06:31:18.588631+00,2026-08-22 06:31:18.643813+00,,,2026-08-22 08:55:04.147183+00,2026-08-24,,,,,76.80,76.57
8873,caabd376-da18-5954-a268-b2a97930f3bc-amo-20260824-r8,a6cb5b08-dddd-4e54-ad2d-d5ae55edb3c9,S4450,GNA,INE934S01014,NSE,SL_SELL_AMO,SELL,CNC,36,0,467.40,468.80,,NYMZX00293F8,,STK_GNA_EQ_NSE_18571,18571,SL_PLACED,0,3,,29,2026-08-22 06:31:18.647224+00,2026-08-22 06:31:18.705705+00,,,2026-08-22 08:55:04.145885+00,2026-08-24,,,,,468.80,467.40
8874,b4d21f2e-de1f-5dfa-81cc-f7970ebaa3fa-amo-20260824-r8,a6cb5b08-dddd-4e54-ad2d-d5ae55edb3c9,S4450,HSCL,INE019C01026,NSE,SL_SELL_AMO,SELL,CNC,26,0,629.00,630.90,,NYMZX00294F8,,STK_HSCL_EQ_NSE_14334,14334,SL_PLACED,0,3,,9,2026-08-22 06:31:18.709266+00,2026-08-22 06:31:18.790066+00,,,2026-08-22 08:55:04.144551+00,2026-08-24,,,,,630.90,629.00
8875,d774e376-ef6b-56b4-ba40-44cf930e7bda-amo-20260824-r12,a6cb5b08-dddd-4e54-ad2d-d5ae55edb3c9,S4450,INDNIPPON,INE092B01025,NSE,SL_SELL_AMO,SELL,CNC,17,0,936.30,939.10,,,,STK_INDNIPPON_EQ_NSE_4747,4747,REJECTED,0,3,"place order request failed: HTTP error 429: {""error"":""algo_id_required"",""message"":""Order rate exceeded 10\/sec. Provide a registered X-Algo-Id header to continue.""}
",15,2026-08-22 06:31:18.795074+00,,,,2026-08-22 06:31:18.799435+00,2026-08-24,,,,,,
8876,f20b8ef5-88aa-5efc-8cf7-b3f971a91234-amo-20260824-r12,a6cb5b08-dddd-4e54-ad2d-d5ae55edb3c9,S4450,IOLCP,INE485C01029,NSE,SL_SELL_AMO,SELL,CNC,121,0,139.34,139.76,,,,STK_IOLCP_EQ_NSE_20413,20413,REJECTED,0,3,"place order request failed: HTTP error 429: {""error"":""algo_id_required"",""message"":""Order rate exceeded 10\/sec. Provide a registered X-Algo-Id header to continue.""}
",20,2026-08-22 06:31:18.802582+00,,,,2026-08-22 06:31:18.806681+00,2026-08-24,,,,,,
8877,151304e1-2e63-5672-b12c-7d71b6290b6f-amo-20260824-r4,a6cb5b08-dddd-4e54-ad2d-d5ae55edb3c9,S4450,IPCALAB,INE571A01038,NSE,SL_SELL_AMO,SELL,CNC,11,0,1562.50,1567.20,,,,STK_IPCALAB_EQ_NSE_1633,1633,REJECTED,0,3,"place order request failed: HTTP error 429: {""error"":""algo_id_required"",""message"":""Order rate exceeded 10\/sec. Provide a registered X-Algo-Id header to continue.""}
",24,2026-08-22 06:31:18.809698+00,,,,2026-08-22 06:31:18.813588+00,2026-08-24,,,,,,
8878,f7159760-cc4e-5812-b3eb-ccf698e44f41-amo-20260824-r14,a6cb5b08-dddd-4e54-ad2d-d5ae55edb3c9,S4450,MPSLTD,INE943D01017,NSE,SL_SELL_AMO,SELL,CNC,7,0,2368.90,2376.00,,,,STK_MPSLTD_EQ_NSE_10578,10578,REJECTED,0,3,"place order request failed: HTTP error 429: {""error"":""algo_id_required"",""message"":""Order rate exceeded 10\/sec. Provide a registered X-Algo-Id header to continue.""}
",19,2026-08-22 06:31:18.818928+00,,,,2026-08-22 06:31:18.824094+00,2026-08-24,,,,,,
8879,5bc74442-194a-5c6c-bf18-56a595049277-amo-20260824-r14,a6cb5b08-dddd-4e54-ad2d-d5ae55edb3c9,S4450,NRBBEARING,INE349A01021,NSE,SL_SELL_AMO,SELL,CNC,42,0,394.80,396.00,,,,STK_NRBBEARING_EQ_NSE_7553,7553,REJECTED,0,3,"place order request failed: HTTP error 429: {""error"":""algo_id_required"",""message"":""Order rate exceeded 10\/sec. Provide a registered X-Algo-Id header to continue.""}
",26,2026-08-22 06:31:18.827516+00,,,,2026-08-22 06:31:18.831195+00,2026-08-24,,,,,,
8880,2e1816df-9f5a-510d-9617-22b2e8f81877-amo-20260824-r107,e36bd07e-4eb9-48c0-8425-62ce25715149,FIV99,MANORAMA,INE00VM01036,NSE,SL_SELL_AMO,SELL,CNC,20,0,1629.50,1634.40,,,,STK_MANORAMA_EQ_NSE_10227,10227,REJECTED,0,3,"place order request failed: HTTP error 429: {""error"":""algo_id_required"",""message"":""Order rate exceeded 10\/sec. Provide a registered X-Algo-Id header to continue.""}
",5086,2026-08-22 06:31:18.83654+00,,,,2026-08-22 06:31:18.840343+00,2026-08-24,,,,,,
8881,8bb6cd9a-5d7f-5492-b5fe-0e2c6b33e081-amo-20260824-r107,e36bd07e-4eb9-48c0-8425-62ce25715149,FIV99,SHANTIGOLD,INE06ZD01017,NSE,SL_SELL_AMO,SELL,CNC,149,0,217.00,217.65,,,,STK_SHANTIGOLD_EQ_NSE_758002,758002,REJECTED,0,3,"place order request failed: HTTP error 429: {""error"":""algo_id_required"",""message"":""Order rate exceeded 10\/sec. Provide a registered X-Algo-Id header to continue.""}
",5087,2026-08-22 06:31:18.843203+00,,,,2026-08-22 06:31:18.846875+00,2026-08-24,,,,,,
8882,d774e376-ef6b-56b4-ba40-44cf930e7bda-amo-20260824-r13,a6cb5b08-dddd-4e54-ad2d-d5ae55edb3c9,S4450,INDNIPPON,INE092B01025,NSE,SL_SELL_AMO,SELL,CNC,17,0,936.30,939.10,,NYMZX00299F8,,STK_INDNIPPON_EQ_NSE_4747,4747,SL_PLACED,0,3,,15,2026-08-22 06:36:18.284068+00,2026-08-22 06:36:18.334593+00,,,2026-08-22 08:55:04.1433+00,2026-08-24,,,,,939.10,936.30
8883,f20b8ef5-88aa-5efc-8cf7-b3f971a91234-amo-20260824-r13,a6cb5b08-dddd-4e54-ad2d-d5ae55edb3c9,S4450,IOLCP,INE485C01029,NSE,SL_SELL_AMO,SELL,CNC,121,0,139.34,139.76,,NYMZX0029AF8,,STK_IOLCP_EQ_NSE_20413,20413,SL_PLACED,0,3,,20,2026-08-22 06:36:18.338919+00,2026-08-22 06:36:18.3937+00,,,2026-08-22 08:55:04.141915+00,2026-08-24,,,,,139.76,139.34
8884,151304e1-2e63-5672-b12c-7d71b6290b6f-amo-20260824-r5,a6cb5b08-dddd-4e54-ad2d-d5ae55edb3c9,S4450,IPCALAB,INE571A01038,NSE,SL_SELL_AMO,SELL,CNC,11,0,1562.50,1567.20,,NYMZX0029BF8,,STK_IPCALAB_EQ_NSE_1633,1633,SL_PLACED,0,3,,24,2026-08-22 06:36:18.397629+00,2026-08-22 06:36:18.449387+00,,,2026-08-22 08:55:04.140608+00,2026-08-24,,,,,1567.20,1562.50
8885,f7159760-cc4e-5812-b3eb-ccf698e44f41-amo-20260824-r15,a6cb5b08-dddd-4e54-ad2d-d5ae55edb3c9,S4450,MPSLTD,INE943D01017,NSE,SL_SELL_AMO,SELL,CNC,7,0,2368.90,2376.00,,NYMZX0029CF8,,STK_MPSLTD_EQ_NSE_10578,10578,SL_PLACED,0,3,,19,2026-08-22 06:36:18.45627+00,2026-08-22 06:36:18.519224+00,,,2026-08-22 08:55:04.139318+00,2026-08-24,,,,,2376.00,2368.90
8886,5bc74442-194a-5c6c-bf18-56a595049277-amo-20260824-r15,a6cb5b08-dddd-4e54-ad2d-d5ae55edb3c9,S4450,NRBBEARING,INE349A01021,NSE,SL_SELL_AMO,SELL,CNC,42,0,394.80,396.00,,NYMZX0029DF8,,STK_NRBBEARING_EQ_NSE_7553,7553,SL_PLACED,0,3,,26,2026-08-22 06:36:18.523866+00,2026-08-22 06:36:18.570123+00,,,2026-08-22 08:55:04.13792+00,2026-08-24,,,,,396.00,394.80
8887,2e1816df-9f5a-510d-9617-22b2e8f81877-amo-20260824-r108,e36bd07e-4eb9-48c0-8425-62ce25715149,FIV99,MANORAMA,INE00VM01036,NSE,SL_SELL_AMO,SELL,CNC,20,0,1629.50,1634.40,,,,STK_MANORAMA_EQ_NSE_10227,10227,REJECTED,0,3,place order request failed: indira: session expired (AU0xx): AU004 Session expired,5086,2026-08-22 06:36:18.578078+00,,,,2026-08-22 06:36:18.586033+00,2026-08-24,,,,,,
8888,8bb6cd9a-5d7f-5492-b5fe-0e2c6b33e081-amo-20260824-r108,e36bd07e-4eb9-48c0-8425-62ce25715149,FIV99,SHANTIGOLD,INE06ZD01017,NSE,SL_SELL_AMO,SELL,CNC,149,0,217.00,217.65,,,,STK_SHANTIGOLD_EQ_NSE_758002,758002,REJECTED,0,3,place order request failed: indira: session expired (AU0xx): AU004 Session expired,5087,2026-08-22 06:36:18.591793+00,,,,2026-08-22 06:36:18.597713+00,2026-08-24,,,,,,
8889,2e1816df-9f5a-510d-9617-22b2e8f81877-amo-20260824-r109,e36bd07e-4eb9-48c0-8425-62ce25715149,FIV99,MANORAMA,INE00VM01036,NSE,SL_SELL_AMO,SELL,CNC,20,0,1629.50,1634.40,,,,STK_MANORAMA_EQ_NSE_10227,10227,REJECTED,0,3,place order request failed: indira: session expired (AU0xx): AU004 Session expired,5086,2026-08-22 06:41:18.373095+00,,,,2026-08-22 06:41:18.382209+00,2026-08-24,,,,,,
8890,8bb6cd9a-5d7f-5492-b5fe-0e2c6b33e081-amo-20260824-r109,e36bd07e-4eb9-48c0-8425-62ce25715149,FIV99,SHANTIGOLD,INE06ZD01017,NSE,SL_SELL_AMO,SELL,CNC,149,0,217.00,217.65,,,,STK_SHANTIGOLD_EQ_NSE_758002,758002,REJECTED,0,3,place order request failed: indira: session expired (AU0xx): AU004 Session expired,5087,2026-08-22 06:41:18.387903+00,,,,2026-08-22 06:41:18.393686+00,2026-08-24,,,,,,
8891,2e1816df-9f5a-510d-9617-22b2e8f81877-amo-20260824-r110,e36bd07e-4eb9-48c0-8425-62ce25715149,FIV99,MANORAMA,INE00VM01036,NSE,SL_SELL_AMO,SELL,CNC,20,0,1629.50,1634.40,,,,STK_MANORAMA_EQ_NSE_10227,10227,REJECTED,0,3,place order request failed: indira: session expired (AU0xx): AU004 Session expired,5086,2026-08-22 06:46:18.242835+00,,,,2026-08-22 06:46:18.251103+00,2026-08-24,,,,,,
8892,8bb6cd9a-5d7f-5492-b5fe-0e2c6b33e081-amo-20260824-r110,e36bd07e-4eb9-48c0-8425-62ce25715149,FIV99,SHANTIGOLD,INE06ZD01017,NSE,SL_SELL_AMO,SELL,CNC,149,0,217.00,217.65,,,,STK_SHANTIGOLD_EQ_NSE_758002,758002,REJECTED,0,3,place order request failed: indira: session expired (AU0xx): AU004 Session expired,5087,2026-08-22 06:46:18.257255+00,,,,2026-08-22 06:46:18.263325+00,2026-08-24,,,,,,
8893,10c4910c-8081-5143-b513-04d2a49d95b0-amo-20260824-r10,a6cb5b08-dddd-4e54-ad2d-d5ae55edb3c9,S4450,IIFL,INE530B01024,NSE,SL_SELL_AMO,SELL,CNC,29,0,555.80,557.45,,NYMZX0029EF8,,STK_IIFL_EQ_NSE_11809,11809,SL_PLACED,0,3,,8512,2026-08-22 06:51:18.242361+00,2026-08-22 06:51:18.299758+00,,,2026-08-22 08:55:04.136404+00,2026-08-24,,,,,557.45,555.80
8894,2e1816df-9f5a-510d-9617-22b2e8f81877-amo-20260824-r111,e36bd07e-4eb9-48c0-8425-62ce25715149,FIV99,MANORAMA,INE00VM01036,NSE,SL_SELL_AMO,SELL,CNC,20,0,1629.50,1634.40,,,,STK_MANORAMA_EQ_NSE_10227,10227,REJECTED,0,3,place order request failed: indira: session expired (AU0xx): AU004 Session expired,5086,2026-08-22 06:51:18.318686+00,,,,2026-08-22 06:51:18.324819+00,2026-08-24,,,,,,
8895,8bb6cd9a-5d7f-5492-b5fe-0e2c6b33e081-amo-20260824-r111,e36bd07e-4eb9-48c0-8425-62ce25715149,FIV99,SHANTIGOLD,INE06ZD01017,NSE,SL_SELL_AMO,SELL,CNC,149,0,217.00,217.65,,,,STK_SHANTIGOLD_EQ_NSE_758002,758002,REJECTED,0,3,place order request failed: indira: session expired (AU0xx): AU004 Session expired,5087,2026-08-22 06:51:18.330159+00,,,,2026-08-22 06:51:18.335967+00,2026-08-24,,,,,,
8896,2e1816df-9f5a-510d-9617-22b2e8f81877-amo-20260824-r112,e36bd07e-4eb9-48c0-8425-62ce25715149,FIV99,MANORAMA,INE00VM01036,NSE,SL_SELL_AMO,SELL,CNC,20,0,1629.50,1634.40,,,,STK_MANORAMA_EQ_NSE_10227,10227,REJECTED,0,3,place order request failed: indira: session expired (AU0xx): AU004 Session expired,5086,2026-08-22 06:56:18.251651+00,,,,2026-08-22 06:56:18.261591+00,2026-08-24,,,,,,
8897,8bb6cd9a-5d7f-5492-b5fe-0e2c6b33e081-amo-20260824-r112,e36bd07e-4eb9-48c0-8425-62ce25715149,FIV99,SHANTIGOLD,INE06ZD01017,NSE,SL_SELL_AMO,SELL,CNC,149,0,217.00,217.65,,,,STK_SHANTIGOLD_EQ_NSE_758002,758002,REJECTED,0,3,place order request failed: indira: session expired (AU0xx): AU004 Session expired,5087,2026-08-22 06:56:18.268618+00,,,,2026-08-22 06:56:18.274843+00,2026-08-24,,,,,,
8898,2e1816df-9f5a-510d-9617-22b2e8f81877-amo-20260824-r113,e36bd07e-4eb9-48c0-8425-62ce25715149,FIV99,MANORAMA,INE00VM01036,NSE,SL_SELL_AMO,SELL,CNC,20,0,1629.50,1634.40,,,,STK_MANORAMA_EQ_NSE_10227,10227,REJECTED,0,3,place order request failed: indira: session expired (AU0xx): AU004 Session expired,5086,2026-08-22 07:01:18.371376+00,,,,2026-08-22 07:01:18.380028+00,2026-08-24,,,,,,
8899,8bb6cd9a-5d7f-5492-b5fe-0e2c6b33e081-amo-20260824-r113,e36bd07e-4eb9-48c0-8425-62ce25715149,FIV99,SHANTIGOLD,INE06ZD01017,NSE,SL_SELL_AMO,SELL,CNC,149,0,217.00,217.65,,,,STK_SHANTIGOLD_EQ_NSE_758002,758002,REJECTED,0,3,place order request failed: indira: session expired (AU0xx): AU004 Session expired,5087,2026-08-22 07:01:18.385943+00,,,,2026-08-22 07:01:18.39178+00,2026-08-24,,,,,,
8900,2e1816df-9f5a-510d-9617-22b2e8f81877-amo-20260824-r114,e36bd07e-4eb9-48c0-8425-62ce25715149,FIV99,MANORAMA,INE00VM01036,NSE,SL_SELL_AMO,SELL,CNC,20,0,1629.50,1634.40,,,,STK_MANORAMA_EQ_NSE_10227,10227,REJECTED,0,3,place order request failed: indira: session expired (AU0xx): AU004 Session expired,5086,2026-08-22 07:06:18.284402+00,,,,2026-08-22 07:06:18.293537+00,2026-08-24,,,,,,
8901,8bb6cd9a-5d7f-5492-b5fe-0e2c6b33e081-amo-20260824-r114,e36bd07e-4eb9-48c0-8425-62ce25715149,FIV99,SHANTIGOLD,INE06ZD01017,NSE,SL_SELL_AMO,SELL,CNC,149,0,217.00,217.65,,,,STK_SHANTIGOLD_EQ_NSE_758002,758002,REJECTED,0,3,place order request failed: indira: session expired (AU0xx): AU004 Session expired,5087,2026-08-22 07:06:18.299992+00,,,,2026-08-22 07:06:18.306081+00,2026-08-24,,,,,,
8902,2e1816df-9f5a-510d-9617-22b2e8f81877-amo-20260824-r115,e36bd07e-4eb9-48c0-8425-62ce25715149,FIV99,MANORAMA,INE00VM01036,NSE,SL_SELL_AMO,SELL,CNC,20,0,1629.50,1634.40,,,,STK_MANORAMA_EQ_NSE_10227,10227,REJECTED,0,3,place order request failed: indira: session expired (AU0xx): AU004 Session expired,5086,2026-08-22 07:11:18.242586+00,,,,2026-08-22 07:11:18.250371+00,2026-08-24,,,,,,
8903,8bb6cd9a-5d7f-5492-b5fe-0e2c6b33e081-amo-20260824-r115,e36bd07e-4eb9-48c0-8425-62ce25715149,FIV99,SHANTIGOLD,INE06ZD01017,NSE,SL_SELL_AMO,SELL,CNC,149,0,217.00,217.65,,,,STK_SHANTIGOLD_EQ_NSE_758002,758002,REJECTED,0,3,place order request failed: indira: session expired (AU0xx): AU004 Session expired,5087,2026-08-22 07:11:18.256576+00,,,,2026-08-22 07:11:18.262398+00,2026-08-24,,,,,,
8904,2e1816df-9f5a-510d-9617-22b2e8f81877-amo-20260824-r116,e36bd07e-4eb9-48c0-8425-62ce25715149,FIV99,MANORAMA,INE00VM01036,NSE,SL_SELL_AMO,SELL,CNC,20,0,1629.50,1634.40,,,,STK_MANORAMA_EQ_NSE_10227,10227,REJECTED,0,3,place order request failed: indira: session expired (AU0xx): AU004 Session expired,5086,2026-08-22 07:16:18.274271+00,,,,2026-08-22 07:16:18.282199+00,2026-08-24,,,,,,
8905,8bb6cd9a-5d7f-5492-b5fe-0e2c6b33e081-amo-20260824-r116,e36bd07e-4eb9-48c0-8425-62ce25715149,FIV99,SHANTIGOLD,INE06ZD01017,NSE,SL_SELL_AMO,SELL,CNC,149,0,217.00,217.65,,,,STK_SHANTIGOLD_EQ_NSE_758002,758002,REJECTED,0,3,place order request failed: indira: session expired (AU0xx): AU004 Session expired,5087,2026-08-22 07:16:18.288045+00,,,,2026-08-22 07:16:18.294169+00,2026-08-24,,,,,,
8906,2e1816df-9f5a-510d-9617-22b2e8f81877-amo-20260824-r117,e36bd07e-4eb9-48c0-8425-62ce25715149,FIV99,MANORAMA,INE00VM01036,NSE,SL_SELL_AMO,SELL,CNC,20,0,1629.50,1634.40,,,,STK_MANORAMA_EQ_NSE_10227,10227,REJECTED,0,3,place order request failed: indira: session expired (AU0xx): AU004 Session expired,5086,2026-08-22 07:21:18.243392+00,,,,2026-08-22 07:21:18.251593+00,2026-08-24,,,,,,
8907,8bb6cd9a-5d7f-5492-b5fe-0e2c6b33e081-amo-20260824-r117,e36bd07e-4eb9-48c0-8425-62ce25715149,FIV99,SHANTIGOLD,INE06ZD01017,NSE,SL_SELL_AMO,SELL,CNC,149,0,217.00,217.65,,,,STK_SHANTIGOLD_EQ_NSE_758002,758002,REJECTED,0,3,place order request failed: indira: session expired (AU0xx): AU004 Session expired,5087,2026-08-22 07:21:18.258227+00,,,,2026-08-22 07:21:18.265591+00,2026-08-24,,,,,,
8908,2e1816df-9f5a-510d-9617-22b2e8f81877-amo-20260824-r118,e36bd07e-4eb9-48c0-8425-62ce25715149,FIV99,MANORAMA,INE00VM01036,NSE,SL_SELL_AMO,SELL,CNC,20,0,1629.50,1634.40,,,,STK_MANORAMA_EQ_NSE_10227,10227,REJECTED,0,3,place order request failed: indira: session expired (AU0xx): AU004 Session expired,5086,2026-08-22 07:26:18.241397+00,,,,2026-08-22 07:26:18.249771+00,2026-08-24,,,,,,
8909,8bb6cd9a-5d7f-5492-b5fe-0e2c6b33e081-amo-20260824-r118,e36bd07e-4eb9-48c0-8425-62ce25715149,FIV99,SHANTIGOLD,INE06ZD01017,NSE,SL_SELL_AMO,SELL,CNC,149,0,217.00,217.65,,,,STK_SHANTIGOLD_EQ_NSE_758002,758002,REJECTED,0,3,place order request failed: indira: session expired (AU0xx): AU004 Session expired,5087,2026-08-22 07:26:18.256188+00,,,,2026-08-22 07:26:18.26179+00,2026-08-24,,,,,,
8910,2e1816df-9f5a-510d-9617-22b2e8f81877-amo-20260824-r119,e36bd07e-4eb9-48c0-8425-62ce25715149,FIV99,MANORAMA,INE00VM01036,NSE,SL_SELL_AMO,SELL,CNC,20,0,1629.50,1634.40,,,,STK_MANORAMA_EQ_NSE_10227,10227,REJECTED,0,3,place order request failed: indira: session expired (AU0xx): AU004 Session expired,5086,2026-08-22 07:26:34.835564+00,,,,2026-08-22 07:26:34.8425+00,2026-08-24,,,,,,
8911,8bb6cd9a-5d7f-5492-b5fe-0e2c6b33e081-amo-20260824-r119,e36bd07e-4eb9-48c0-8425-62ce25715149,FIV99,SHANTIGOLD,INE06ZD01017,NSE,SL_SELL_AMO,SELL,CNC,149,0,217.00,217.65,,,,STK_SHANTIGOLD_EQ_NSE_758002,758002,REJECTED,0,3,place order request failed: indira: session expired (AU0xx): AU004 Session expired,5087,2026-08-22 07:26:34.848014+00,,,,2026-08-22 07:26:34.853787+00,2026-08-24,,,,,,
8919,2e1816df-9f5a-510d-9617-22b2e8f81877-amo-20260824-r120,e36bd07e-4eb9-48c0-8425-62ce25715149,FIV99,MANORAMA,INE00VM01036,NSE,SL_SELL_AMO,SELL,CNC,20,0,1629.50,1634.40,,,,STK_MANORAMA_EQ_NSE_10227,10227,REJECTED,0,3,place order request failed: indira: session expired (AU0xx): AU004 Session expired,5086,2026-08-22 07:31:34.914151+00,,,,2026-08-22 07:31:34.92134+00,2026-08-24,,,,,,
8920,8bb6cd9a-5d7f-5492-b5fe-0e2c6b33e081-amo-20260824-r120,e36bd07e-4eb9-48c0-8425-62ce25715149,FIV99,SHANTIGOLD,INE06ZD01017,NSE,SL_SELL_AMO,SELL,CNC,149,0,217.00,217.65,,,,STK_SHANTIGOLD_EQ_NSE_758002,758002,REJECTED,0,3,place order request failed: indira: session expired (AU0xx): AU004 Session expired,5087,2026-08-22 07:31:34.926248+00,,,,2026-08-22 07:31:34.931335+00,2026-08-24,,,,,,
8921,2e1816df-9f5a-510d-9617-22b2e8f81877-amo-20260824-r121,e36bd07e-4eb9-48c0-8425-62ce25715149,FIV99,MANORAMA,INE00VM01036,NSE,SL_SELL_AMO,SELL,CNC,20,0,1629.50,1634.40,,,,STK_MANORAMA_EQ_NSE_10227,10227,REJECTED,0,3,place order request failed: indira: session expired (AU0xx): AU004 Session expired,5086,2026-08-22 07:36:35.064926+00,,,,2026-08-22 07:36:35.073658+00,2026-08-24,,,,,,
8922,8bb6cd9a-5d7f-5492-b5fe-0e2c6b33e081-amo-20260824-r121,e36bd07e-4eb9-48c0-8425-62ce25715149,FIV99,SHANTIGOLD,INE06ZD01017,NSE,SL_SELL_AMO,SELL,CNC,149,0,217.00,217.65,,,,STK_SHANTIGOLD_EQ_NSE_758002,758002,REJECTED,0,3,place order request failed: indira: session expired (AU0xx): AU004 Session expired,5087,2026-08-22 07:36:35.079897+00,,,,2026-08-22 07:36:35.085786+00,2026-08-24,,,,,,
8923,2e1816df-9f5a-510d-9617-22b2e8f81877-amo-20260824-r122,e36bd07e-4eb9-48c0-8425-62ce25715149,FIV99,MANORAMA,INE00VM01036,NSE,SL_SELL_AMO,SELL,CNC,20,0,1629.50,1634.40,,,,STK_MANORAMA_EQ_NSE_10227,10227,REJECTED,0,3,place order request failed: indira: session expired (AU0xx): AU004 Session expired,5086,2026-08-22 07:41:34.979583+00,,,,2026-08-22 07:41:34.98783+00,2026-08-24,,,,,,
8924,8bb6cd9a-5d7f-5492-b5fe-0e2c6b33e081-amo-20260824-r122,e36bd07e-4eb9-48c0-8425-62ce25715149,FIV99,SHANTIGOLD,INE06ZD01017,NSE,SL_SELL_AMO,SELL,CNC,149,0,217.00,217.65,,,,STK_SHANTIGOLD_EQ_NSE_758002,758002,REJECTED,0,3,place order request failed: indira: session expired (AU0xx): AU004 Session expired,5087,2026-08-22 07:41:34.993843+00,,,,2026-08-22 07:41:35.000609+00,2026-08-24,,,,,,
8925,2e1816df-9f5a-510d-9617-22b2e8f81877-amo-20260824-r123,e36bd07e-4eb9-48c0-8425-62ce25715149,FIV99,MANORAMA,INE00VM01036,NSE,SL_SELL_AMO,SELL,CNC,20,0,1629.50,1634.40,,,,STK_MANORAMA_EQ_NSE_10227,10227,REJECTED,0,3,place order request failed: indira: session expired (AU0xx): AU004 Session expired,5086,2026-08-22 07:46:34.88723+00,,,,2026-08-22 07:46:34.896194+00,2026-08-24,,,,,,
8926,8bb6cd9a-5d7f-5492-b5fe-0e2c6b33e081-amo-20260824-r123,e36bd07e-4eb9-48c0-8425-62ce25715149,FIV99,SHANTIGOLD,INE06ZD01017,NSE,SL_SELL_AMO,SELL,CNC,149,0,217.00,217.65,,,,STK_SHANTIGOLD_EQ_NSE_758002,758002,REJECTED,0,3,place order request failed: indira: session expired (AU0xx): AU004 Session expired,5087,2026-08-22 07:46:34.902469+00,,,,2026-08-22 07:46:34.908145+00,2026-08-24,,,,,,
8930,2e1816df-9f5a-510d-9617-22b2e8f81877-amo-20260824-r124,e36bd07e-4eb9-48c0-8425-62ce25715149,FIV99,MANORAMA,INE00VM01036,NSE,SL_SELL_AMO,SELL,CNC,20,0,1629.50,1634.40,,,,STK_MANORAMA_EQ_NSE_10227,10227,REJECTED,0,3,place order request failed: indira: session expired (AU0xx): AU004 Session expired,5086,2026-08-22 07:51:34.953797+00,,,,2026-08-22 07:51:34.962927+00,2026-08-24,,,,,,
8931,8bb6cd9a-5d7f-5492-b5fe-0e2c6b33e081-amo-20260824-r124,e36bd07e-4eb9-48c0-8425-62ce25715149,FIV99,SHANTIGOLD,INE06ZD01017,NSE,SL_SELL_AMO,SELL,CNC,149,0,217.00,217.65,,,,STK_SHANTIGOLD_EQ_NSE_758002,758002,REJECTED,0,3,place order request failed: indira: session expired (AU0xx): AU004 Session expired,5087,2026-08-22 07:51:34.970753+00,,,,2026-08-22 07:51:34.977214+00,2026-08-24,,,,,,
8938,2e1816df-9f5a-510d-9617-22b2e8f81877-amo-20260824-r125,e36bd07e-4eb9-48c0-8425-62ce25715149,FIV99,MANORAMA,INE00VM01036,NSE,SL_SELL_AMO,SELL,CNC,20,0,1629.50,1634.40,,,,STK_MANORAMA_EQ_NSE_10227,10227,REJECTED,0,3,place order request failed: indira: session expired (AU0xx): AU004 Session expired,5086,2026-08-22 07:56:35.064235+00,,,,2026-08-22 07:56:35.07089+00,2026-08-24,,,,,,
8939,8bb6cd9a-5d7f-5492-b5fe-0e2c6b33e081-amo-20260824-r125,e36bd07e-4eb9-48c0-8425-62ce25715149,FIV99,SHANTIGOLD,INE06ZD01017,NSE,SL_SELL_AMO,SELL,CNC,149,0,217.00,217.65,,,,STK_SHANTIGOLD_EQ_NSE_758002,758002,REJECTED,0,3,place order request failed: indira: session expired (AU0xx): AU004 Session expired,5087,2026-08-22 07:56:35.07767+00,,,,2026-08-22 07:56:35.084839+00,2026-08-24,,,,,,
8940,2e1816df-9f5a-510d-9617-22b2e8f81877-amo-20260824-r126,e36bd07e-4eb9-48c0-8425-62ce25715149,FIV99,MANORAMA,INE00VM01036,NSE,SL_SELL_AMO,SELL,CNC,20,0,1629.50,1634.40,,,,STK_MANORAMA_EQ_NSE_10227,10227,REJECTED,0,3,place order request failed: indira: session expired (AU0xx): AU004 Session expired,5086,2026-08-22 08:01:34.948204+00,,,,2026-08-22 08:01:34.956273+00,2026-08-24,,,,,,
8941,8bb6cd9a-5d7f-5492-b5fe-0e2c6b33e081-amo-20260824-r126,e36bd07e-4eb9-48c0-8425-62ce25715149,FIV99,SHANTIGOLD,INE06ZD01017,NSE,SL_SELL_AMO,SELL,CNC,149,0,217.00,217.65,,,,STK_SHANTIGOLD_EQ_NSE_758002,758002,REJECTED,0,3,place order request failed: indira: session expired (AU0xx): AU004 Session expired,5087,2026-08-22 08:01:34.96311+00,,,,2026-08-22 08:01:34.96928+00,2026-08-24,,,,,,
8944,2e1816df-9f5a-510d-9617-22b2e8f81877-amo-20260824-r127,e36bd07e-4eb9-48c0-8425-62ce25715149,FIV99,MANORAMA,INE00VM01036,NSE,SL_SELL_AMO,SELL,CNC,20,0,1629.50,1634.40,,,,STK_MANORAMA_EQ_NSE_10227,10227,REJECTED,0,3,place order request failed: indira: session expired (AU0xx): AU004 Session expired,5086,2026-08-22 08:06:35.043449+00,,,,2026-08-22 08:06:35.050462+00,2026-08-24,,,,,,
8945,8bb6cd9a-5d7f-5492-b5fe-0e2c6b33e081-amo-20260824-r127,e36bd07e-4eb9-48c0-8425-62ce25715149,FIV99,SHANTIGOLD,INE06ZD01017,NSE,SL_SELL_AMO,SELL,CNC,149,0,217.00,217.65,,,,STK_SHANTIGOLD_EQ_NSE_758002,758002,REJECTED,0,3,place order request failed: indira: session expired (AU0xx): AU004 Session expired,5087,2026-08-22 08:06:35.056231+00,,,,2026-08-22 08:06:35.061923+00,2026-08-24,,,,,,
8948,2e1816df-9f5a-510d-9617-22b2e8f81877-amo-20260824-r128,e36bd07e-4eb9-48c0-8425-62ce25715149,FIV99,MANORAMA,INE00VM01036,NSE,SL_SELL_AMO,SELL,CNC,20,0,1629.50,1634.40,,,,STK_MANORAMA_EQ_NSE_10227,10227,REJECTED,0,3,place order request failed: indira: session expired (AU0xx): AU004 Session expired,5086,2026-08-22 08:07:31.184525+00,,,,2026-08-22 08:07:31.191212+00,2026-08-24,,,,,,
8949,8bb6cd9a-5d7f-5492-b5fe-0e2c6b33e081-amo-20260824-r128,e36bd07e-4eb9-48c0-8425-62ce25715149,FIV99,SHANTIGOLD,INE06ZD01017,NSE,SL_SELL_AMO,SELL,CNC,149,0,217.00,217.65,,,,STK_SHANTIGOLD_EQ_NSE_758002,758002,REJECTED,0,3,place order request failed: indira: session expired (AU0xx): AU004 Session expired,5087,2026-08-22 08:07:31.196247+00,,,,2026-08-22 08:07:31.202121+00,2026-08-24,,,,,,
8955,2e1816df-9f5a-510d-9617-22b2e8f81877-amo-20260824-r129,e36bd07e-4eb9-48c0-8425-62ce25715149,FIV99,MANORAMA,INE00VM01036,NSE,SL_SELL_AMO,SELL,CNC,20,0,1629.50,1634.40,,,,STK_MANORAMA_EQ_NSE_10227,10227,REJECTED,0,3,place order request failed: indira: session expired (AU0xx): AU004 Session expired,5086,2026-08-22 08:08:53.875521+00,,,,2026-08-22 08:08:53.881899+00,2026-08-24,,,,,,
8956,8bb6cd9a-5d7f-5492-b5fe-0e2c6b33e081-amo-20260824-r129,e36bd07e-4eb9-48c0-8425-62ce25715149,FIV99,SHANTIGOLD,INE06ZD01017,NSE,SL_SELL_AMO,SELL,CNC,149,0,217.00,217.65,,,,STK_SHANTIGOLD_EQ_NSE_758002,758002,REJECTED,0,3,place order request failed: indira: session expired (AU0xx): AU004 Session expired,5087,2026-08-22 08:08:53.887454+00,,,,2026-08-22 08:08:53.894235+00,2026-08-24,,,,,,
8957,2e1816df-9f5a-510d-9617-22b2e8f81877-amo-20260824-r130,e36bd07e-4eb9-48c0-8425-62ce25715149,FIV99,MANORAMA,INE00VM01036,NSE,SL_SELL_AMO,SELL,CNC,20,0,1629.50,1634.40,,,,STK_MANORAMA_EQ_NSE_10227,10227,REJECTED,0,3,place order request failed: indira: session expired (AU0xx): AU004 Session expired,5086,2026-08-22 08:13:53.72236+00,,,,2026-08-22 08:13:53.732169+00,2026-08-24,,,,,,
8958,8bb6cd9a-5d7f-5492-b5fe-0e2c6b33e081-amo-20260824-r130,e36bd07e-4eb9-48c0-8425-62ce25715149,FIV99,SHANTIGOLD,INE06ZD01017,NSE,SL_SELL_AMO,SELL,CNC,149,0,217.00,217.65,,,,STK_SHANTIGOLD_EQ_NSE_758002,758002,REJECTED,0,3,place order request failed: indira: session expired (AU0xx): AU004 Session expired,5087,2026-08-22 08:13:53.738336+00,,,,2026-08-22 08:13:53.74425+00,2026-08-24,,,,,,
8961,2e1816df-9f5a-510d-9617-22b2e8f81877-amo-20260824-r131,e36bd07e-4eb9-48c0-8425-62ce25715149,FIV99,MANORAMA,INE00VM01036,NSE,SL_SELL_AMO,SELL,CNC,20,0,1629.50,1634.40,,,,STK_MANORAMA_EQ_NSE_10227,10227,REJECTED,0,3,place order request failed: indira: session expired (AU0xx): AU004 Session expired,5086,2026-08-22 08:18:53.906176+00,,,,2026-08-22 08:18:53.913449+00,2026-08-24,,,,,,
8962,8bb6cd9a-5d7f-5492-b5fe-0e2c6b33e081-amo-20260824-r131,e36bd07e-4eb9-48c0-8425-62ce25715149,FIV99,SHANTIGOLD,INE06ZD01017,NSE,SL_SELL_AMO,SELL,CNC,149,0,217.00,217.65,,,,STK_SHANTIGOLD_EQ_NSE_758002,758002,REJECTED,0,3,place order request failed: indira: session expired (AU0xx): AU004 Session expired,5087,2026-08-22 08:18:53.91961+00,,,,2026-08-22 08:18:53.925537+00,2026-08-24,,,,,,
8965,2e1816df-9f5a-510d-9617-22b2e8f81877-amo-20260824-r132,e36bd07e-4eb9-48c0-8425-62ce25715149,FIV99,MANORAMA,INE00VM01036,NSE,SL_SELL_AMO,SELL,CNC,20,0,1629.50,1634.40,,,,STK_MANORAMA_EQ_NSE_10227,10227,REJECTED,0,3,place order request failed: indira: session expired (AU0xx): AU004 Session expired,5086,2026-08-22 08:23:53.728104+00,,,,2026-08-22 08:23:53.737501+00,2026-08-24,,,,,,
8966,8bb6cd9a-5d7f-5492-b5fe-0e2c6b33e081-amo-20260824-r132,e36bd07e-4eb9-48c0-8425-62ce25715149,FIV99,SHANTIGOLD,INE06ZD01017,NSE,SL_SELL_AMO,SELL,CNC,149,0,217.00,217.65,,,,STK_SHANTIGOLD_EQ_NSE_758002,758002,REJECTED,0,3,place order request failed: indira: session expired (AU0xx): AU004 Session expired,5087,2026-08-22 08:23:53.745286+00,,,,2026-08-22 08:23:53.751792+00,2026-08-24,,,,,,
8967,2e1816df-9f5a-510d-9617-22b2e8f81877-amo-20260824-r133,e36bd07e-4eb9-48c0-8425-62ce25715149,FIV99,MANORAMA,INE00VM01036,NSE,SL_SELL_AMO,SELL,CNC,20,0,1629.50,1634.40,,,,STK_MANORAMA_EQ_NSE_10227,10227,REJECTED,0,3,place order request failed: indira: session expired (AU0xx): AU004 Session expired,5086,2026-08-22 08:27:56.967707+00,,,,2026-08-22 08:27:56.976368+00,2026-08-24,,,,,,
8968,8bb6cd9a-5d7f-5492-b5fe-0e2c6b33e081-amo-20260824-r133,e36bd07e-4eb9-48c0-8425-62ce25715149,FIV99,SHANTIGOLD,INE06ZD01017,NSE,SL_SELL_AMO,SELL,CNC,149,0,217.00,217.65,,,,STK_SHANTIGOLD_EQ_NSE_758002,758002,REJECTED,0,3,place order request failed: indira: session expired (AU0xx): AU004 Session expired,5087,2026-08-22 08:27:56.982283+00,,,,2026-08-22 08:27:56.988132+00,2026-08-24,,,,,,
8972,2e1816df-9f5a-510d-9617-22b2e8f81877-amo-20260824-r134,e36bd07e-4eb9-48c0-8425-62ce25715149,FIV99,MANORAMA,INE00VM01036,NSE,SL_SELL_AMO,SELL,CNC,20,0,1629.50,1634.40,,,,STK_MANORAMA_EQ_NSE_10227,10227,REJECTED,0,3,place order request failed: indira: session expired (AU0xx): AU004 Session expired,5086,2026-08-22 08:32:57.12787+00,,,,2026-08-22 08:32:57.135304+00,2026-08-24,,,,,,
8973,8bb6cd9a-5d7f-5492-b5fe-0e2c6b33e081-amo-20260824-r134,e36bd07e-4eb9-48c0-8425-62ce25715149,FIV99,SHANTIGOLD,INE06ZD01017,NSE,SL_SELL_AMO,SELL,CNC,149,0,217.00,217.65,,,,STK_SHANTIGOLD_EQ_NSE_758002,758002,REJECTED,0,3,place order request failed: indira: session expired (AU0xx): AU004 Session expired,5087,2026-08-22 08:32:57.141827+00,,,,2026-08-22 08:32:57.147769+00,2026-08-24,,,,,,
8975,2e1816df-9f5a-510d-9617-22b2e8f81877-amo-20260824-r135,e36bd07e-4eb9-48c0-8425-62ce25715149,FIV99,MANORAMA,INE00VM01036,NSE,SL_SELL_AMO,SELL,CNC,20,0,1629.50,1634.40,,,,STK_MANORAMA_EQ_NSE_10227,10227,REJECTED,0,3,place order request failed: indira: session expired (AU0xx): AU004 Session expired,5086,2026-08-22 08:37:57.009865+00,,,,2026-08-22 08:37:57.017589+00,2026-08-24,,,,,,
8976,8bb6cd9a-5d7f-5492-b5fe-0e2c6b33e081-amo-20260824-r135,e36bd07e-4eb9-48c0-8425-62ce25715149,FIV99,SHANTIGOLD,INE06ZD01017,NSE,SL_SELL_AMO,SELL,CNC,149,0,217.00,217.65,,,,STK_SHANTIGOLD_EQ_NSE_758002,758002,REJECTED,0,3,place order request failed: indira: session expired (AU0xx): AU004 Session expired,5087,2026-08-22 08:37:57.023043+00,,,,2026-08-22 08:37:57.028781+00,2026-08-24,,,,,,
8980,2e1816df-9f5a-510d-9617-22b2e8f81877-amo-20260824-r136,e36bd07e-4eb9-48c0-8425-62ce25715149,FIV99,MANORAMA,INE00VM01036,NSE,SL_SELL_AMO,SELL,CNC,20,0,1629.50,1634.40,,,,STK_MANORAMA_EQ_NSE_10227,10227,REJECTED,0,3,place order request failed: indira: session expired (AU0xx): AU004 Session expired,5086,2026-08-22 08:42:57.027537+00,,,,2026-08-22 08:42:57.037442+00,2026-08-24,,,,,,
8981,8bb6cd9a-5d7f-5492-b5fe-0e2c6b33e081-amo-20260824-r136,e36bd07e-4eb9-48c0-8425-62ce25715149,FIV99,SHANTIGOLD,INE06ZD01017,NSE,SL_SELL_AMO,SELL,CNC,149,0,217.00,217.65,,,,STK_SHANTIGOLD_EQ_NSE_758002,758002,REJECTED,0,3,place order request failed: indira: session expired (AU0xx): AU004 Session expired,5087,2026-08-22 08:42:57.043942+00,,,,2026-08-22 08:42:57.049833+00,2026-08-24,,,,,,
8982,2e1816df-9f5a-510d-9617-22b2e8f81877-amo-20260824-r137,e36bd07e-4eb9-48c0-8425-62ce25715149,FIV99,MANORAMA,INE00VM01036,NSE,SL_SELL_AMO,SELL,CNC,20,0,1629.50,1634.40,,,,STK_MANORAMA_EQ_NSE_10227,10227,REJECTED,0,3,place order request failed: indira: session expired (AU0xx): AU004 Session expired,5086,2026-08-22 08:45:23.167844+00,,,,2026-08-22 08:45:23.177061+00,2026-08-24,,,,,,
8983,8bb6cd9a-5d7f-5492-b5fe-0e2c6b33e081-amo-20260824-r137,e36bd07e-4eb9-48c0-8425-62ce25715149,FIV99,SHANTIGOLD,INE06ZD01017,NSE,SL_SELL_AMO,SELL,CNC,149,0,217.00,217.65,,,,STK_SHANTIGOLD_EQ_NSE_758002,758002,REJECTED,0,3,place order request failed: indira: session expired (AU0xx): AU004 Session expired,5087,2026-08-22 08:45:23.182651+00,,,,2026-08-22 08:45:23.188898+00,2026-08-24,,,,,,
8984,2e1816df-9f5a-510d-9617-22b2e8f81877-amo-20260824-r138,e36bd07e-4eb9-48c0-8425-62ce25715149,FIV99,MANORAMA,INE00VM01036,NSE,SL_SELL_AMO,SELL,CNC,20,0,1629.50,1634.40,,,,STK_MANORAMA_EQ_NSE_10227,10227,REJECTED,0,3,place order request failed: indira: session expired (AU0xx): AU004 Session expired,5086,2026-08-22 08:50:23.177179+00,,,,2026-08-22 08:50:23.186521+00,2026-08-24,,,,,,
8985,8bb6cd9a-5d7f-5492-b5fe-0e2c6b33e081-amo-20260824-r138,e36bd07e-4eb9-48c0-8425-62ce25715149,FIV99,SHANTIGOLD,INE06ZD01017,NSE,SL_SELL_AMO,SELL,CNC,149,0,217.00,217.65,,,,STK_SHANTIGOLD_EQ_NSE_758002,758002,REJECTED,0,3,place order request failed: indira: session expired (AU0xx): AU004 Session expired,5087,2026-08-22 08:50:23.19333+00,,,,2026-08-22 08:50:23.199356+00,2026-08-24,,,,,,
8986,2e1816df-9f5a-510d-9617-22b2e8f81877-amo-20260824-r139,e36bd07e-4eb9-48c0-8425-62ce25715149,FIV99,MANORAMA,INE00VM01036,NSE,SL_SELL_AMO,SELL,CNC,20,0,1629.50,1634.40,,,,STK_MANORAMA_EQ_NSE_10227,10227,REJECTED,0,3,place order request failed: indira: session expired (AU0xx): AU004 Session expired,5086,2026-08-22 08:55:04.310265+00,,,,2026-08-22 08:55:04.318847+00,2026-08-24,,,,,,
8987,8bb6cd9a-5d7f-5492-b5fe-0e2c6b33e081-amo-20260824-r139,e36bd07e-4eb9-48c0-8425-62ce25715149,FIV99,SHANTIGOLD,INE06ZD01017,NSE,SL_SELL_AMO,SELL,CNC,149,0,217.00,217.65,,,,STK_SHANTIGOLD_EQ_NSE_758002,758002,REJECTED,0,3,place order request failed: indira: session expired (AU0xx): AU004 Session expired,5087,2026-08-22 08:55:04.3249+00,,,,2026-08-22 08:55:04.330663+00,2026-08-24,,,,,,
