id,order_id,event_type,old_status,new_status,broker_status,price,qty,detail,created_at,exchange_error_code,exchange_error_tag,reject_category
3624,8834,EOD_AMO_FAILED,AMO_PENDING,REJECTED,"",1634.40,20,place order request failed: indira: session expired (AU0xx): AU004 Session expired,2026-08-22 05:31:11.606104+00,,,
3625,8835,EOD_AMO_FAILED,AMO_PENDING,REJECTED,"",217.65,149,place order request failed: indira: session expired (AU0xx): AU004 Session expired,2026-08-22 05:31:11.627484+00,,,
3626,8836,EOD_AMO_FAILED,AMO_PENDING,REJECTED,"",1634.40,20,place order request failed: indira: session expired (AU0xx): AU004 Session expired,2026-08-22 05:36:11.528685+00,,,
3627,8837,EOD_AMO_FAILED,AMO_PENDING,REJECTED,"",217.65,149,place order request failed: indira: session expired (AU0xx): AU004 Session expired,2026-08-22 05:36:11.540838+00,,,
3628,8838,EOD_AMO_FAILED,AMO_PENDING,REJECTED,"",1634.40,20,place order request failed: indira: session expired (AU0xx): AU004 Session expired,2026-08-22 05:36:29.263972+00,,,
3629,8839,EOD_AMO_FAILED,AMO_PENDING,REJECTED,"",217.65,149,place order request failed: indira: session expired (AU0xx): AU004 Session expired,2026-08-22 05:36:29.276597+00,,,
3630,8840,EOD_AMO_FAILED,AMO_PENDING,REJECTED,"",1634.40,20,place order request failed: indira: session expired (AU0xx): AU004 Session expired,2026-08-22 05:41:18.188647+00,,,
3631,8841,EOD_AMO_FAILED,AMO_PENDING,REJECTED,"",217.65,149,place order request failed: indira: session expired (AU0xx): AU004 Session expired,2026-08-22 05:41:18.201276+00,,,
3632,8842,EOD_AMO_FAILED,AMO_PENDING,REJECTED,"",1634.40,20,place order request failed: indira: session expired (AU0xx): AU004 Session expired,2026-08-22 05:46:18.185781+00,,,
3633,8843,EOD_AMO_FAILED,AMO_PENDING,REJECTED,"",217.65,149,place order request failed: indira: session expired (AU0xx): AU004 Session expired,2026-08-22 05:46:18.195377+00,,,
3634,8844,EOD_AMO_FAILED,AMO_PENDING,REJECTED,"",1634.40,20,place order request failed: indira: session expired (AU0xx): AU004 Session expired,2026-08-22 05:51:18.170874+00,,,
3635,8845,EOD_AMO_FAILED,AMO_PENDING,REJECTED,"",217.65,149,place order request failed: indira: session expired (AU0xx): AU004 Session expired,2026-08-22 05:51:18.183141+00,,,
3637,8846,EOD_AMO_FAILED,AMO_PENDING,REJECTED,"",1634.40,20,place order request failed: indira: session expired (AU0xx): AU004 Session expired,2026-08-22 05:56:18.172349+00,,,
3638,8847,EOD_AMO_FAILED,AMO_PENDING,REJECTED,"",217.65,149,place order request failed: indira: session expired (AU0xx): AU004 Session expired,2026-08-22 05:56:18.185504+00,,,
3639,8848,EOD_AMO_FAILED,AMO_PENDING,REJECTED,"",1634.40,20,place order request failed: indira: session expired (AU0xx): AU004 Session expired,2026-08-22 06:01:18.177085+00,,,
3640,8849,EOD_AMO_FAILED,AMO_PENDING,REJECTED,"",217.65,149,place order request failed: indira: session expired (AU0xx): AU004 Session expired,2026-08-22 06:01:18.187657+00,,,
3641,8850,EOD_AMO_FAILED,AMO_PENDING,REJECTED,"",1634.40,20,place order request failed: indira: session expired (AU0xx): AU004 Session expired,2026-08-22 06:06:18.177598+00,,,
3642,8851,EOD_AMO_FAILED,AMO_PENDING,REJECTED,"",217.65,149,place order request failed: indira: session expired (AU0xx): AU004 Session expired,2026-08-22 06:06:18.192618+00,,,
3643,8852,EOD_AMO_FAILED,AMO_PENDING,REJECTED,"",1567.20,11,place order request failed: indira: session expired (AU0xx): AU004 Session expired,2026-08-22 06:11:18.205603+00,,,
3644,8853,EOD_AMO_FAILED,AMO_PENDING,REJECTED,"",1634.40,20,place order request failed: indira: session expired (AU0xx): AU004 Session expired,2026-08-22 06:11:18.233082+00,,,
3645,8854,EOD_AMO_FAILED,AMO_PENDING,REJECTED,"",217.65,149,place order request failed: indira: session expired (AU0xx): AU004 Session expired,2026-08-22 06:11:18.24469+00,,,
3647,8855,EOD_AMO_FAILED,AMO_PENDING,REJECTED,"",1567.20,11,place order request failed: indira: session expired (AU0xx): AU004 Session expired,2026-08-22 06:16:18.231199+00,,,
3648,8856,EOD_AMO_FAILED,AMO_PENDING,REJECTED,"",1634.40,20,place order request failed: indira: session expired (AU0xx): AU004 Session expired,2026-08-22 06:16:18.253678+00,,,
3649,8857,EOD_AMO_FAILED,AMO_PENDING,REJECTED,"",217.65,149,place order request failed: indira: session expired (AU0xx): AU004 Session expired,2026-08-22 06:16:18.264475+00,,,
3650,8858,EOD_AMO_FAILED,AMO_PENDING,REJECTED,"",1567.20,11,place order request failed: indira: session expired (AU0xx): AU004 Session expired,2026-08-22 06:21:18.168328+00,,,
3651,8859,EOD_AMO_FAILED,AMO_PENDING,REJECTED,"",1634.40,20,place order request failed: indira: session expired (AU0xx): AU004 Session expired,2026-08-22 06:21:18.188304+00,,,
3652,8860,EOD_AMO_FAILED,AMO_PENDING,REJECTED,"",217.65,149,place order request failed: indira: session expired (AU0xx): AU004 Session expired,2026-08-22 06:21:18.198126+00,,,
3653,8861,EOD_AMO_PLACED,AMO_PENDING,SL_PLACED,"",1567.20,11,amo_id=NYMZX0028BF8 trigger=1567.20 limit=1562.50 trade_date=2026-08-24,2026-08-22 06:25:25.595501+00,,,
3654,8862,EOD_AMO_FAILED,AMO_PENDING,REJECTED,"",1634.40,20,place order request failed: indira: session expired (AU0xx): AU004 Session expired,2026-08-22 06:25:25.615333+00,,,
3655,8863,EOD_AMO_FAILED,AMO_PENDING,REJECTED,"",217.65,149,place order request failed: indira: session expired (AU0xx): AU004 Session expired,2026-08-22 06:25:25.625267+00,,,
3656,8864,EOD_AMO_FAILED,AMO_PENDING,REJECTED,"",1634.40,20,place order request failed: indira: session expired (AU0xx): AU004 Session expired,2026-08-22 06:26:18.263969+00,,,
3659,8865,EOD_AMO_FAILED,AMO_PENDING,REJECTED,"",217.65,149,place order request failed: indira: session expired (AU0xx): AU004 Session expired,2026-08-22 06:26:18.277206+00,,,
3672,8861,RECONCILER_FIXED,SL_PLACED,CANCELLED,Cancelled,0.00,0,reconciler: broker=Cancelled but DB=SL_PLACED → synced,2026-08-22 06:31:18.197514+00,,,
3673,8866,EOD_AMO_PLACED,AMO_PENDING,SL_PLACED,"",1127.70,14,amo_id=NYMZX0028CF8 trigger=1127.70 limit=1124.30 trade_date=2026-08-24,2026-08-22 06:31:18.313204+00,,,
3674,8867,EOD_AMO_PLACED,AMO_PENDING,SL_PLACED,"",13771.00,1,amo_id=NYMZX0028DF8 trigger=13771.00 limit=13730.00 trade_date=2026-08-24,2026-08-22 06:31:18.360872+00,,,
3675,8868,EOD_AMO_PLACED,AMO_PENDING,SL_PLACED,"",534.95,30,amo_id=NYMZX0028EF8 trigger=534.95 limit=533.35 trade_date=2026-08-24,2026-08-22 06:31:18.417108+00,,,
3676,8869,EOD_AMO_PLACED,AMO_PENDING,SL_PLACED,"",180.00,92,amo_id=NYMZX0028FF8 trigger=180.00 limit=179.46 trade_date=2026-08-24,2026-08-22 06:31:18.462469+00,,,
3677,8870,EOD_AMO_PLACED,AMO_PENDING,SL_PLACED,"",568.95,29,amo_id=NYMZX00290F8 trigger=568.95 limit=567.25 trade_date=2026-08-24,2026-08-22 06:31:18.524848+00,,,
3678,8871,EOD_AMO_PLACED,AMO_PENDING,SL_PLACED,"",2116.00,7,amo_id=NYMZX00291F8 trigger=2116.00 limit=2109.70 trade_date=2026-08-24,2026-08-22 06:31:18.586339+00,,,
3679,8872,EOD_AMO_PLACED,AMO_PENDING,SL_PLACED,"",76.80,239,amo_id=NYMZX00292F8 trigger=76.80 limit=76.57 trade_date=2026-08-24,2026-08-22 06:31:18.645078+00,,,
3680,8873,EOD_AMO_PLACED,AMO_PENDING,SL_PLACED,"",468.80,36,amo_id=NYMZX00293F8 trigger=468.80 limit=467.40 trade_date=2026-08-24,2026-08-22 06:31:18.707072+00,,,
3681,8874,EOD_AMO_PLACED,AMO_PENDING,SL_PLACED,"",630.90,26,amo_id=NYMZX00294F8 trigger=630.90 limit=629.00 trade_date=2026-08-24,2026-08-22 06:31:18.791509+00,,,
3682,8875,EOD_AMO_FAILED,AMO_PENDING,REJECTED,"",939.10,17,"place order request failed: HTTP error 429: {""error"":""algo_id_required"",""message"":""Order rate exceeded 10\/sec. Provide a registered X-Algo-Id header to continue.""}
",2026-08-22 06:31:18.800414+00,,,
3683,8876,EOD_AMO_FAILED,AMO_PENDING,REJECTED,"",139.76,121,"place order request failed: HTTP error 429: {""error"":""algo_id_required"",""message"":""Order rate exceeded 10\/sec. Provide a registered X-Algo-Id header to continue.""}
",2026-08-22 06:31:18.807785+00,,,
3684,8877,EOD_AMO_FAILED,AMO_PENDING,REJECTED,"",1567.20,11,"place order request failed: HTTP error 429: {""error"":""algo_id_required"",""message"":""Order rate exceeded 10\/sec. Provide a registered X-Algo-Id header to continue.""}
",2026-08-22 06:31:18.814618+00,,,
3685,8878,EOD_AMO_FAILED,AMO_PENDING,REJECTED,"",2376.00,7,"place order request failed: HTTP error 429: {""error"":""algo_id_required"",""message"":""Order rate exceeded 10\/sec. Provide a registered X-Algo-Id header to continue.""}
",2026-08-22 06:31:18.825638+00,,,
3686,8879,EOD_AMO_FAILED,AMO_PENDING,REJECTED,"",396.00,42,"place order request failed: HTTP error 429: {""error"":""algo_id_required"",""message"":""Order rate exceeded 10\/sec. Provide a registered X-Algo-Id header to continue.""}
",2026-08-22 06:31:18.832226+00,,,
3687,8880,EOD_AMO_FAILED,AMO_PENDING,REJECTED,"",1634.40,20,"place order request failed: HTTP error 429: {""error"":""algo_id_required"",""message"":""Order rate exceeded 10\/sec. Provide a registered X-Algo-Id header to continue.""}
",2026-08-22 06:31:18.841355+00,,,
3688,8881,EOD_AMO_FAILED,AMO_PENDING,REJECTED,"",217.65,149,"place order request failed: HTTP error 429: {""error"":""algo_id_required"",""message"":""Order rate exceeded 10\/sec. Provide a registered X-Algo-Id header to continue.""}
",2026-08-22 06:31:18.847875+00,,,
3689,8882,EOD_AMO_PLACED,AMO_PENDING,SL_PLACED,"",939.10,17,amo_id=NYMZX00299F8 trigger=939.10 limit=936.30 trade_date=2026-08-24,2026-08-22 06:36:18.336131+00,,,
3690,8883,EOD_AMO_PLACED,AMO_PENDING,SL_PLACED,"",139.76,121,amo_id=NYMZX0029AF8 trigger=139.76 limit=139.34 trade_date=2026-08-24,2026-08-22 06:36:18.395218+00,,,
3691,8884,EOD_AMO_PLACED,AMO_PENDING,SL_PLACED,"",1567.20,11,amo_id=NYMZX0029BF8 trigger=1567.20 limit=1562.50 trade_date=2026-08-24,2026-08-22 06:36:18.450984+00,,,
3692,8885,EOD_AMO_PLACED,AMO_PENDING,SL_PLACED,"",2376.00,7,amo_id=NYMZX0029CF8 trigger=2376.00 limit=2368.90 trade_date=2026-08-24,2026-08-22 06:36:18.521278+00,,,
3693,8886,EOD_AMO_PLACED,AMO_PENDING,SL_PLACED,"",396.00,42,amo_id=NYMZX0029DF8 trigger=396.00 limit=394.80 trade_date=2026-08-24,2026-08-22 06:36:18.572391+00,,,
3694,8887,EOD_AMO_FAILED,AMO_PENDING,REJECTED,"",1634.40,20,place order request failed: indira: session expired (AU0xx): AU004 Session expired,2026-08-22 06:36:18.587645+00,,,
3695,8888,EOD_AMO_FAILED,AMO_PENDING,REJECTED,"",217.65,149,place order request failed: indira: session expired (AU0xx): AU004 Session expired,2026-08-22 06:36:18.599227+00,,,
3696,8889,EOD_AMO_FAILED,AMO_PENDING,REJECTED,"",1634.40,20,place order request failed: indira: session expired (AU0xx): AU004 Session expired,2026-08-22 06:41:18.383777+00,,,
3697,8890,EOD_AMO_FAILED,AMO_PENDING,REJECTED,"",217.65,149,place order request failed: indira: session expired (AU0xx): AU004 Session expired,2026-08-22 06:41:18.395238+00,,,
3698,8891,EOD_AMO_FAILED,AMO_PENDING,REJECTED,"",1634.40,20,place order request failed: indira: session expired (AU0xx): AU004 Session expired,2026-08-22 06:46:18.252584+00,,,
3699,8892,EOD_AMO_FAILED,AMO_PENDING,REJECTED,"",217.65,149,place order request failed: indira: session expired (AU0xx): AU004 Session expired,2026-08-22 06:46:18.264934+00,,,
3700,8893,EOD_AMO_PLACED,AMO_PENDING,SL_PLACED,"",557.45,29,amo_id=NYMZX0029EF8 trigger=557.45 limit=555.80 trade_date=2026-08-24,2026-08-22 06:51:18.301503+00,,,
3701,8894,EOD_AMO_FAILED,AMO_PENDING,REJECTED,"",1634.40,20,place order request failed: indira: session expired (AU0xx): AU004 Session expired,2026-08-22 06:51:18.326367+00,,,
3702,8895,EOD_AMO_FAILED,AMO_PENDING,REJECTED,"",217.65,149,place order request failed: indira: session expired (AU0xx): AU004 Session expired,2026-08-22 06:51:18.337618+00,,,
3703,8896,EOD_AMO_FAILED,AMO_PENDING,REJECTED,"",1634.40,20,place order request failed: indira: session expired (AU0xx): AU004 Session expired,2026-08-22 06:56:18.263622+00,,,
3704,8897,EOD_AMO_FAILED,AMO_PENDING,REJECTED,"",217.65,149,place order request failed: indira: session expired (AU0xx): AU004 Session expired,2026-08-22 06:56:18.276718+00,,,
3705,8898,EOD_AMO_FAILED,AMO_PENDING,REJECTED,"",1634.40,20,place order request failed: indira: session expired (AU0xx): AU004 Session expired,2026-08-22 07:01:18.381695+00,,,
3706,8899,EOD_AMO_FAILED,AMO_PENDING,REJECTED,"",217.65,149,place order request failed: indira: session expired (AU0xx): AU004 Session expired,2026-08-22 07:01:18.393447+00,,,
3707,8900,EOD_AMO_FAILED,AMO_PENDING,REJECTED,"",1634.40,20,place order request failed: indira: session expired (AU0xx): AU004 Session expired,2026-08-22 07:06:18.295529+00,,,
3708,8901,EOD_AMO_FAILED,AMO_PENDING,REJECTED,"",217.65,149,place order request failed: indira: session expired (AU0xx): AU004 Session expired,2026-08-22 07:06:18.308557+00,,,
3709,8902,EOD_AMO_FAILED,AMO_PENDING,REJECTED,"",1634.40,20,place order request failed: indira: session expired (AU0xx): AU004 Session expired,2026-08-22 07:11:18.251992+00,,,
3710,8903,EOD_AMO_FAILED,AMO_PENDING,REJECTED,"",217.65,149,place order request failed: indira: session expired (AU0xx): AU004 Session expired,2026-08-22 07:11:18.264135+00,,,
3711,8904,EOD_AMO_FAILED,AMO_PENDING,REJECTED,"",1634.40,20,place order request failed: indira: session expired (AU0xx): AU004 Session expired,2026-08-22 07:16:18.283921+00,,,
3712,8905,EOD_AMO_FAILED,AMO_PENDING,REJECTED,"",217.65,149,place order request failed: indira: session expired (AU0xx): AU004 Session expired,2026-08-22 07:16:18.295673+00,,,
3713,8906,EOD_AMO_FAILED,AMO_PENDING,REJECTED,"",1634.40,20,place order request failed: indira: session expired (AU0xx): AU004 Session expired,2026-08-22 07:21:18.253539+00,,,
3714,8907,EOD_AMO_FAILED,AMO_PENDING,REJECTED,"",217.65,149,place order request failed: indira: session expired (AU0xx): AU004 Session expired,2026-08-22 07:21:18.267455+00,,,
3715,8908,EOD_AMO_FAILED,AMO_PENDING,REJECTED,"",1634.40,20,place order request failed: indira: session expired (AU0xx): AU004 Session expired,2026-08-22 07:26:18.251555+00,,,
3716,8909,EOD_AMO_FAILED,AMO_PENDING,REJECTED,"",217.65,149,place order request failed: indira: session expired (AU0xx): AU004 Session expired,2026-08-22 07:26:18.263427+00,,,
3717,8910,EOD_AMO_FAILED,AMO_PENDING,REJECTED,"",1634.40,20,place order request failed: indira: session expired (AU0xx): AU004 Session expired,2026-08-22 07:26:34.844339+00,,,
3718,8911,EOD_AMO_FAILED,AMO_PENDING,REJECTED,"",217.65,149,place order request failed: indira: session expired (AU0xx): AU004 Session expired,2026-08-22 07:26:34.855396+00,,,
3732,8919,EOD_AMO_FAILED,AMO_PENDING,REJECTED,"",1634.40,20,place order request failed: indira: session expired (AU0xx): AU004 Session expired,2026-08-22 07:31:34.922642+00,,,
3733,8920,EOD_AMO_FAILED,AMO_PENDING,REJECTED,"",217.65,149,place order request failed: indira: session expired (AU0xx): AU004 Session expired,2026-08-22 07:31:34.932454+00,,,
3735,8921,EOD_AMO_FAILED,AMO_PENDING,REJECTED,"",1634.40,20,place order request failed: indira: session expired (AU0xx): AU004 Session expired,2026-08-22 07:36:35.075366+00,,,
3736,8922,EOD_AMO_FAILED,AMO_PENDING,REJECTED,"",217.65,149,place order request failed: indira: session expired (AU0xx): AU004 Session expired,2026-08-22 07:36:35.087506+00,,,
3737,8923,EOD_AMO_FAILED,AMO_PENDING,REJECTED,"",1634.40,20,place order request failed: indira: session expired (AU0xx): AU004 Session expired,2026-08-22 07:41:34.989582+00,,,
3738,8924,EOD_AMO_FAILED,AMO_PENDING,REJECTED,"",217.65,149,place order request failed: indira: session expired (AU0xx): AU004 Session expired,2026-08-22 07:41:35.002308+00,,,
3739,8925,EOD_AMO_FAILED,AMO_PENDING,REJECTED,"",1634.40,20,place order request failed: indira: session expired (AU0xx): AU004 Session expired,2026-08-22 07:46:34.897948+00,,,
3740,8926,EOD_AMO_FAILED,AMO_PENDING,REJECTED,"",217.65,149,place order request failed: indira: session expired (AU0xx): AU004 Session expired,2026-08-22 07:46:34.909954+00,,,
3754,8930,EOD_AMO_FAILED,AMO_PENDING,REJECTED,"",1634.40,20,place order request failed: indira: session expired (AU0xx): AU004 Session expired,2026-08-22 07:51:34.96587+00,,,
3755,8931,EOD_AMO_FAILED,AMO_PENDING,REJECTED,"",217.65,149,place order request failed: indira: session expired (AU0xx): AU004 Session expired,2026-08-22 07:51:34.979018+00,,,
3764,8938,EOD_AMO_FAILED,AMO_PENDING,REJECTED,"",1634.40,20,place order request failed: indira: session expired (AU0xx): AU004 Session expired,2026-08-22 07:56:35.072764+00,,,
3765,8939,EOD_AMO_FAILED,AMO_PENDING,REJECTED,"",217.65,149,place order request failed: indira: session expired (AU0xx): AU004 Session expired,2026-08-22 07:56:35.086478+00,,,
3768,8940,EOD_AMO_FAILED,AMO_PENDING,REJECTED,"",1634.40,20,place order request failed: indira: session expired (AU0xx): AU004 Session expired,2026-08-22 08:01:34.958324+00,,,
3769,8941,EOD_AMO_FAILED,AMO_PENDING,REJECTED,"",217.65,149,place order request failed: indira: session expired (AU0xx): AU004 Session expired,2026-08-22 08:01:34.970995+00,,,
3772,8944,EOD_AMO_FAILED,AMO_PENDING,REJECTED,"",1634.40,20,place order request failed: indira: session expired (AU0xx): AU004 Session expired,2026-08-22 08:06:35.05212+00,,,
3773,8945,EOD_AMO_FAILED,AMO_PENDING,REJECTED,"",217.65,149,place order request failed: indira: session expired (AU0xx): AU004 Session expired,2026-08-22 08:06:35.063553+00,,,
3778,8948,EOD_AMO_FAILED,AMO_PENDING,REJECTED,"",1634.40,20,place order request failed: indira: session expired (AU0xx): AU004 Session expired,2026-08-22 08:07:31.192886+00,,,
3779,8949,EOD_AMO_FAILED,AMO_PENDING,REJECTED,"",217.65,149,place order request failed: indira: session expired (AU0xx): AU004 Session expired,2026-08-22 08:07:31.20388+00,,,
3787,8955,EOD_AMO_FAILED,AMO_PENDING,REJECTED,"",1634.40,20,place order request failed: indira: session expired (AU0xx): AU004 Session expired,2026-08-22 08:08:53.883815+00,,,
3788,8956,EOD_AMO_FAILED,AMO_PENDING,REJECTED,"",217.65,149,place order request failed: indira: session expired (AU0xx): AU004 Session expired,2026-08-22 08:08:53.896063+00,,,
3791,8957,EOD_AMO_FAILED,AMO_PENDING,REJECTED,"",1634.40,20,place order request failed: indira: session expired (AU0xx): AU004 Session expired,2026-08-22 08:13:53.73393+00,,,
3792,8958,EOD_AMO_FAILED,AMO_PENDING,REJECTED,"",217.65,149,place order request failed: indira: session expired (AU0xx): AU004 Session expired,2026-08-22 08:13:53.745945+00,,,
3795,8961,EOD_AMO_FAILED,AMO_PENDING,REJECTED,"",1634.40,20,place order request failed: indira: session expired (AU0xx): AU004 Session expired,2026-08-22 08:18:53.915209+00,,,
3796,8962,EOD_AMO_FAILED,AMO_PENDING,REJECTED,"",217.65,149,place order request failed: indira: session expired (AU0xx): AU004 Session expired,2026-08-22 08:18:53.927228+00,,,
3806,8965,EOD_AMO_FAILED,AMO_PENDING,REJECTED,"",1634.40,20,place order request failed: indira: session expired (AU0xx): AU004 Session expired,2026-08-22 08:23:53.739842+00,,,
3807,8966,EOD_AMO_FAILED,AMO_PENDING,REJECTED,"",217.65,149,place order request failed: indira: session expired (AU0xx): AU004 Session expired,2026-08-22 08:23:53.753564+00,,,
3808,8967,EOD_AMO_FAILED,AMO_PENDING,REJECTED,"",1634.40,20,place order request failed: indira: session expired (AU0xx): AU004 Session expired,2026-08-22 08:27:56.978105+00,,,
3809,8968,EOD_AMO_FAILED,AMO_PENDING,REJECTED,"",217.65,149,place order request failed: indira: session expired (AU0xx): AU004 Session expired,2026-08-22 08:27:56.989719+00,,,
3814,8972,EOD_AMO_FAILED,AMO_PENDING,REJECTED,"",1634.40,20,place order request failed: indira: session expired (AU0xx): AU004 Session expired,2026-08-22 08:32:57.137317+00,,,
3815,8973,EOD_AMO_FAILED,AMO_PENDING,REJECTED,"",217.65,149,place order request failed: indira: session expired (AU0xx): AU004 Session expired,2026-08-22 08:32:57.149473+00,,,
3822,8975,EOD_AMO_FAILED,AMO_PENDING,REJECTED,"",1634.40,20,place order request failed: indira: session expired (AU0xx): AU004 Session expired,2026-08-22 08:37:57.019021+00,,,
3823,8976,EOD_AMO_FAILED,AMO_PENDING,REJECTED,"",217.65,149,place order request failed: indira: session expired (AU0xx): AU004 Session expired,2026-08-22 08:37:57.030352+00,,,
3828,8980,EOD_AMO_FAILED,AMO_PENDING,REJECTED,"",1634.40,20,place order request failed: indira: session expired (AU0xx): AU004 Session expired,2026-08-22 08:42:57.039385+00,,,
3829,8981,EOD_AMO_FAILED,AMO_PENDING,REJECTED,"",217.65,149,place order request failed: indira: session expired (AU0xx): AU004 Session expired,2026-08-22 08:42:57.051484+00,,,
3830,8982,EOD_AMO_FAILED,AMO_PENDING,REJECTED,"",1634.40,20,place order request failed: indira: session expired (AU0xx): AU004 Session expired,2026-08-22 08:45:23.178912+00,,,
3831,8983,EOD_AMO_FAILED,AMO_PENDING,REJECTED,"",217.65,149,place order request failed: indira: session expired (AU0xx): AU004 Session expired,2026-08-22 08:45:23.190743+00,,,
3832,8984,EOD_AMO_FAILED,AMO_PENDING,REJECTED,"",1634.40,20,place order request failed: indira: session expired (AU0xx): AU004 Session expired,2026-08-22 08:50:23.188725+00,,,
3833,8985,EOD_AMO_FAILED,AMO_PENDING,REJECTED,"",217.65,149,place order request failed: indira: session expired (AU0xx): AU004 Session expired,2026-08-22 08:50:23.20094+00,,,
3834,8986,EOD_AMO_FAILED,AMO_PENDING,REJECTED,"",1634.40,20,place order request failed: indira: session expired (AU0xx): AU004 Session expired,2026-08-22 08:55:04.320509+00,,,
3835,8987,EOD_AMO_FAILED,AMO_PENDING,REJECTED,"",217.65,149,place order request failed: indira: session expired (AU0xx): AU004 Session expired,2026-08-22 08:55:04.332421+00,,,
